"DateAndTime","OS_Corr132 (Bloomberg-1 West-Corridor 130) Occupancy","",
"2016-08-28 00:11:43","0","",
"2016-08-28 01:12:02","0","",
"2016-08-28 02:12:21","0","",
"2016-08-28 03:12:40","0","",
"2016-08-28 04:12:59","0","",
"2016-08-28 05:13:18","0","",
"2016-08-28 06:13:38","0","",
"2016-08-28 07:13:57","0","",
"2016-08-28 08:14:15","0","",
"2016-08-28 08:28:49","1","",
"2016-08-28 08:38:54","0","",
"2016-08-28 08:51:20","1","",
"2016-08-28 08:54:35","1","",
"2016-08-28 09:00:39","1","",
"2016-08-28 09:10:45","0","",
"2016-08-28 09:30:51","0","",
"2016-08-28 10:15:04","1","",
"2016-08-28 10:17:34","1","",
"2016-08-28 10:24:50","1","",
"2016-08-28 10:34:56","0","",
"2016-08-28 10:49:24","1","",
"2016-08-28 10:59:30","0","",
"2016-08-28 11:07:56","1","",
"2016-08-28 11:15:23","1","",
"2016-08-28 11:25:29","0","",
"2016-08-28 11:33:36","1","",
"2016-08-28 11:43:42","0","",
"2016-08-28 11:52:51","1","",
"2016-08-28 11:55:38","1","",
"2016-08-28 12:05:44","0","",
"2016-08-28 12:25:51","0","",
"2016-08-28 12:39:46","1","",
"2016-08-28 12:45:29","1","",
"2016-08-28 12:48:59","1","",
"2016-08-28 12:51:19","1","",
"2016-08-28 13:01:25","0","",
"2016-08-28 13:21:32","0","",
"2016-08-28 13:42:59","1","",
"2016-08-28 13:47:52","1","",
"2016-08-28 13:49:53","1","",
"2016-08-28 13:53:04","1","",
"2016-08-28 13:55:47","1","",
"2016-08-28 14:01:43","1","",
"2016-08-28 14:11:48","0","",
"2016-08-28 14:19:57","1","",
"2016-08-28 14:22:11","1","",
"2016-08-28 14:32:16","0","",
"2016-08-28 14:38:50","1","",
"2016-08-28 14:48:55","0","",
"2016-08-28 14:49:26","1","",
"2016-08-28 14:59:32","0","",
"2016-08-28 15:17:31","1","",
"2016-08-28 15:27:36","0","",
"2016-08-28 15:47:28","1","",
"2016-08-28 15:54:06","1","",
"2016-08-28 16:00:06","1","",
"2016-08-28 16:10:11","0","",
"2016-08-28 16:28:39","1","",
"2016-08-28 16:38:45","0","",
"2016-08-28 16:50:41","1","",
"2016-08-28 17:00:46","0","",
"2016-08-28 17:20:53","0","",
"2016-08-28 17:21:14","1","",
"2016-08-28 17:26:21","1","",
"2016-08-28 17:36:27","0","",
"2016-08-28 17:56:34","0","",
"2016-08-28 19:27:57","1","",
"2016-08-28 19:38:03","0","",
"2016-08-28 19:58:10","0","",
"2016-08-28 20:58:29","0","",
"2016-08-28 21:03:47","1","",
"2016-08-28 21:13:53","0","",
"2016-08-28 21:33:13","1","",
"2016-08-28 21:43:19","0","",
"2016-08-28 21:50:38","1","",
"2016-08-28 22:00:43","0","",
"2016-08-28 22:16:07","1","",
"2016-08-28 22:18:31","1","",
"2016-08-28 22:28:37","0","",
"2016-08-28 22:41:18","1","",
"2016-08-28 22:51:23","0","",
"2016-08-28 23:11:30","0","",
"2016-08-29 00:11:50","0","",
"2016-08-29 01:12:09","0","",
"2016-08-29 02:12:29","0","",
"2016-08-29 03:12:48","0","",
"2016-08-29 04:13:07","0","",
"2016-08-29 05:13:26","0","",
"2016-08-29 06:13:46","0","",
"2016-08-29 06:54:04","1","",
"2016-08-29 07:04:09","0","",
"2016-08-29 07:23:22","1","",
"2016-08-29 07:33:28","0","",
"2016-08-29 07:53:34","0","",
"2016-08-29 08:53:54","0","",
"2016-08-29 09:43:18","1","",
"2016-08-29 09:45:20","1","",
"2016-08-29 10:15:32","0","",
"2016-08-29 10:26:06","1","",
"2016-08-29 10:30:01","1","",
"2016-08-29 10:32:38","1","",
"2016-08-29 10:38:59","1","",
"2016-08-29 10:41:24","1","",
"2016-08-29 10:51:30","0","",
"2016-08-29 11:00:19","1","",
"2016-08-29 11:04:26","1","",
"2016-08-29 11:14:32","0","",
"2016-08-29 11:16:25","1","",
"2016-08-29 11:26:31","0","",
"2016-08-29 11:41:37","1","",
"2016-08-29 11:51:43","0","",
"2016-08-29 12:11:14","1","",
"2016-08-29 12:21:20","0","",
"2016-08-29 12:41:27","0","",
"2016-08-29 12:52:03","1","",
"2016-08-29 13:02:09","0","",
"2016-08-29 13:22:16","0","",
"2016-08-29 13:26:09","1","",
"2016-08-29 13:36:15","0","",
"2016-08-29 13:48:06","1","",
"2016-08-29 13:58:12","0","",
"2016-08-29 13:58:44","1","",
"2016-08-29 14:05:41","1","",
"2016-08-29 14:15:47","0","",
"2016-08-29 14:22:39","1","",
"2016-08-29 14:25:16","1","",
"2016-08-29 14:35:22","0","",
"2016-08-29 14:48:15","1","",
"2016-08-29 14:58:21","0","",
"2016-08-29 15:11:32","1","",
"2016-08-29 15:21:38","0","",
"2016-08-29 15:41:45","0","",
"2016-08-29 16:09:41","1","",
"2016-08-29 16:16:43","1","",
"2016-08-29 16:26:48","0","",
"2016-08-29 16:38:32","1","",
"2016-08-29 16:42:40","1","",
"2016-08-29 16:52:46","0","",
"2016-08-29 16:53:13","1","",
"2016-08-29 17:03:18","0","",
"2016-08-29 17:18:53","1","",
"2016-08-29 17:20:55","1","",
"2016-08-29 17:31:01","0","",
"2016-08-29 18:01:21","1","",
"2016-08-29 18:04:27","1","",
"2016-08-29 18:14:32","0","",
"2016-08-29 18:33:04","1","",
"2016-08-29 18:43:10","0","",
"2016-08-29 18:50:57","1","",
"2016-08-29 19:01:02","0","",
"2016-08-29 19:21:09","0","",
"2016-08-29 19:58:18","1","",
"2016-08-29 20:08:23","0","",
"2016-08-29 20:28:30","0","",
"2016-08-29 21:06:30","1","",
"2016-08-29 21:16:36","0","",
"2016-08-29 21:28:49","1","",
"2016-08-29 21:31:42","1","",
"2016-08-29 21:35:38","1","",
"2016-08-29 21:45:44","0","",
"2016-08-29 22:05:50","0","",
"2016-08-29 23:06:11","0","",
"2016-08-30 00:06:33","0","",
"2016-08-30 01:06:54","0","",
"2016-08-30 02:07:15","0","",
"2016-08-30 03:07:35","0","",
"2016-08-30 04:07:57","0","",
"2016-08-30 05:08:17","0","",
"2016-08-30 06:08:38","0","",
"2016-08-30 06:20:42","1","",
"2016-08-30 06:24:00","1","",
"2016-08-30 06:28:47","1","",
"2016-08-30 06:33:22","1","",
"2016-08-30 06:36:20","1","",
"2016-08-30 06:46:26","0","",
"2016-08-30 06:57:13","1","",
"2016-08-30 07:07:18","0","",
"2016-08-30 07:16:31","1","",
"2016-08-30 07:18:39","1","",
"2016-08-30 07:28:45","0","",
"2016-08-30 07:48:51","0","",
"2016-08-30 08:49:12","0","",
"2016-08-30 09:49:33","0","",
"2016-08-30 10:47:55","1","",
"2016-08-30 10:56:20","1","",
"2016-08-30 11:04:05","1","",
"2016-08-30 11:14:11","0","",
"2016-08-30 11:20:47","1","",
"2016-08-30 11:30:53","0","",
"2016-08-30 11:49:17","1","",
"2016-08-30 11:56:56","1","",
"2016-08-30 12:07:02","0","",
"2016-08-30 12:27:09","0","",
"2016-08-30 13:10:33","1","",
"2016-08-30 13:20:39","0","",
"2016-08-30 13:40:46","0","",
"2016-08-30 14:41:07","0","",
"2016-08-30 15:41:28","0","",
"2016-08-30 16:41:50","0","",
"2016-08-30 17:42:11","0","",
"2016-08-30 18:42:32","0","",
"2016-08-30 19:42:53","0","",
"2016-08-30 19:53:09","1","",
"2016-08-30 20:03:15","0","",
"2016-08-30 20:23:22","0","",
"2016-08-30 21:23:42","0","",
"2016-08-30 21:56:14","1","",
"2016-08-30 21:59:41","1","",
"2016-08-30 22:09:46","0","",
"2016-08-30 22:29:53","0","",
"2016-08-30 22:51:56","1","",
"2016-08-30 23:02:02","0","",
"2016-08-30 23:22:09","0","",
"2016-08-30 23:31:20","1","",
"2016-08-30 23:41:26","0","",
"2016-08-30 23:48:33","1","",
"2016-08-30 23:58:39","0","",
"2016-08-31 00:06:21","1","",
"2016-08-31 00:16:26","0","",
"2016-08-31 00:36:34","0","",
"2016-08-31 00:51:21","1","",
"2016-08-31 01:01:26","0","",
"2016-08-31 01:09:38","1","",
"2016-08-31 01:14:56","1","",
"2016-08-31 01:25:01","0","",
"2016-08-31 01:45:08","0","",
"2016-08-31 02:45:30","0","",
"2016-08-31 03:45:52","0","",
"2016-08-31 04:46:13","0","",
"2016-08-31 05:02:12","1","",
"2016-08-31 05:12:18","0","",
"2016-08-31 05:32:25","0","",
"2016-08-31 06:32:46","0","",
"2016-08-31 07:33:07","0","",
"2016-08-31 08:00:19","1","",
"2016-08-31 08:07:15","1","",
"2016-08-31 08:17:21","0","",
"2016-08-31 08:37:28","0","",
"2016-08-31 09:10:27","1","",
"2016-08-31 09:20:32","0","",
"2016-08-31 09:40:39","0","",
"2016-08-31 09:42:24","1","",
"2016-08-31 09:52:29","0","",
"2016-08-31 10:12:36","0","",
"2016-08-31 10:21:43","1","",
"2016-08-31 10:23:48","1","",
"2016-08-31 10:25:49","1","",
"2016-08-31 10:30:04","1","",
"2016-08-31 10:34:36","1","",
"2016-08-31 10:37:13","1","",
"2016-08-31 10:40:39","1","",
"2016-08-31 10:42:42","1","",
"2016-08-31 10:44:51","1","",
"2016-08-31 10:48:08","1","",
"2016-08-31 10:51:34","1","",
"2016-08-31 10:54:05","1","",
"2016-08-31 10:56:28","1","",
"2016-08-31 11:00:48","1","",
"2016-08-31 11:03:00","1","",
"2016-08-31 11:06:43","1","",
"2016-08-31 11:09:19","1","",
"2016-08-31 11:11:21","1","",
"2016-08-31 11:13:44","1","",
"2016-08-31 11:15:46","1","",
"2016-08-31 11:18:39","1","",
"2016-08-31 11:23:47","1","",
"2016-08-31 11:30:10","1","",
"2016-08-31 11:32:27","1","",
"2016-08-31 11:42:32","0","",
"2016-08-31 12:02:39","0","",
"2016-08-31 12:34:42","1","",
"2016-08-31 12:38:21","1","",
"2016-08-31 12:41:38","1","",
"2016-08-31 12:44:21","1","",
"2016-08-31 12:46:30","1","",
"2016-08-31 12:50:38","1","",
"2016-08-31 12:53:56","1","",
"2016-08-31 12:58:44","1","",
"2016-08-31 13:08:49","0","",
"2016-08-31 13:14:01","1","",
"2016-08-31 13:16:49","1","",
"2016-08-31 13:18:59","1","",
"2016-08-31 13:21:37","1","",
"2016-08-31 13:24:07","1","",
"2016-08-31 13:26:13","1","",
"2016-08-31 13:28:14","1","",
"2016-08-31 13:31:26","1","",
"2016-08-31 13:34:50","1","",
"2016-08-31 13:39:09","1","",
"2016-08-31 13:41:45","1","",
"2016-08-31 13:43:46","1","",
"2016-08-31 13:50:22","1","",
"2016-08-31 13:52:23","1","",
"2016-08-31 14:00:45","1","",
"2016-08-31 14:03:12","1","",
"2016-08-31 14:06:17","1","",
"2016-08-31 14:08:22","1","",
"2016-08-31 14:10:46","1","",
"2016-08-31 14:13:42","1","",
"2016-08-31 14:15:46","1","",
"2016-08-31 14:25:51","0","",
"2016-08-31 14:45:58","0","",
"2016-08-31 15:46:18","0","",
"2016-08-31 16:46:38","0","",
"2016-08-31 17:46:58","0","",
"2016-08-31 18:47:18","0","",
"2016-08-31 18:51:08","1","",
"2016-08-31 18:58:04","1","",
"2016-08-31 19:08:10","0","",
"2016-08-31 19:28:16","0","",
"2016-08-31 20:28:37","0","",
"2016-08-31 20:40:13","1","",
"2016-08-31 20:45:04","1","",
"2016-08-31 20:55:10","0","",
"2016-08-31 21:15:17","0","",
"2016-08-31 22:15:38","0","",
"2016-08-31 22:23:40","1","",
"2016-08-31 22:33:46","0","",
"2016-08-31 22:37:08","1","",
"2016-08-31 22:47:14","0","",
"2016-08-31 22:59:43","1","",
"2016-08-31 23:09:48","0","",
"2016-08-31 23:29:55","0","",
"2016-09-01 00:30:15","0","",
"2016-09-01 00:49:02","1","",
"2016-09-01 00:59:07","0","",
"2016-09-01 01:19:13","0","",
"2016-09-01 02:19:33","0","",
"2016-09-01 03:19:52","0","",
"2016-09-01 04:20:12","0","",
"2016-09-01 05:20:32","0","",
"2016-09-01 06:20:53","0","",
"2016-09-01 07:21:12","0","",
"2016-09-01 07:25:35","1","",
"2016-09-01 07:35:40","0","",
"2016-09-01 07:55:47","0","",
"2016-09-01 08:11:27","1","",
"2016-09-01 08:13:55","1","",
"2016-09-01 08:18:38","1","",
"2016-09-01 08:22:02","1","",
"2016-09-01 08:24:23","1","",
"2016-09-01 08:34:29","0","",
"2016-09-01 08:54:07","1","",
"2016-09-01 08:56:13","1","",
"2016-09-01 09:06:18","0","",
"2016-09-01 09:26:25","0","",
"2016-09-01 10:26:45","0","",
"2016-09-01 11:27:04","0","",
"2016-09-01 12:27:23","0","",
"2016-09-01 12:35:43","1","",
"2016-09-01 12:38:56","1","",
"2016-09-01 12:41:06","1","",
"2016-09-01 12:43:09","1","",
"2016-09-01 12:47:34","1","",
"2016-09-01 12:51:40","1","",
"2016-09-01 12:57:05","1","",
"2016-09-01 13:07:10","0","",
"2016-09-01 13:09:06","1","",
"2016-09-01 13:11:07","1","",
"2016-09-01 13:13:45","1","",
"2016-09-01 13:23:51","0","",
"2016-09-01 13:43:57","0","",
"2016-09-01 14:25:34","1","",
"2016-09-01 14:35:40","0","",
"2016-09-01 14:55:46","0","",
"2016-09-01 15:56:05","0","",
"2016-09-01 16:56:24","0","",
"2016-09-01 17:33:58","1","",
"2016-09-01 17:44:03","0","",
"2016-09-01 18:04:10","0","",
"2016-09-01 18:18:01","1","",
"2016-09-01 18:28:06","0","",
"2016-09-01 18:48:13","0","",
"2016-09-01 19:48:33","0","",
"2016-09-01 19:51:17","1","",
"2016-09-01 20:01:22","0","",
"2016-09-01 20:21:28","0","",
"2016-09-01 21:21:47","0","",
"2016-09-01 21:51:21","1","",
"2016-09-01 22:01:26","0","",
"2016-09-01 22:19:33","1","",
"2016-09-01 22:29:38","0","",
"2016-09-01 22:49:45","0","",
"2016-09-01 23:27:01","1","",
"2016-09-01 23:37:07","0","",
"2016-09-01 23:57:13","0","",
"2016-09-02 00:57:32","0","",
"2016-09-02 01:57:50","0","",
"2016-09-02 02:58:09","0","",
"2016-09-02 03:58:28","0","",
"2016-09-02 04:58:47","0","",
"2016-09-02 05:59:06","0","",
"2016-09-02 06:59:24","0","",
"2016-09-02 07:59:41","0","",
"2016-09-02 08:18:14","1","",
"2016-09-02 08:47:01","1","",
"2016-09-02 08:57:06","0","",
"2016-09-02 09:17:11","0","",
"2016-09-02 10:17:29","0","",
"2016-09-02 10:28:48","1","",
"2016-09-02 10:45:20","0","",
"2016-09-02 10:46:31","1","",
"2016-09-02 10:52:55","1","",
"2016-09-02 10:56:25","1","",
"2016-09-02 10:58:37","1","",
"2016-09-02 11:01:05","1","",
"2016-09-02 11:03:28","1","",
"2016-09-02 11:05:57","1","",
"2016-09-02 11:08:24","1","",
"2016-09-02 11:10:52","1","",
"2016-09-02 11:12:53","1","",
"2016-09-02 11:15:15","1","",
"2016-09-02 11:17:37","1","",
"2016-09-02 11:21:02","1","",
"2016-09-02 11:31:07","0","",
"2016-09-02 11:34:37","1","",
"2016-09-02 11:36:44","1","",
"2016-09-02 11:43:09","1","",
"2016-09-02 11:46:47","1","",
"2016-09-02 11:56:53","0","",
"2016-09-02 11:58:08","1","",
"2016-09-02 12:00:44","1","",
"2016-09-02 12:03:05","1","",
"2016-09-02 12:13:11","0","",
"2016-09-02 12:14:19","1","",
"2016-09-02 12:24:24","0","",
"2016-09-02 12:25:56","1","",
"2016-09-02 12:36:01","0","",
"2016-09-02 12:51:32","1","",
"2016-09-02 13:01:37","0","",
"2016-09-02 13:21:43","0","",
"2016-09-02 13:51:31","1","",
"2016-09-02 13:57:04","1","",
"2016-09-02 14:07:10","0","",
"2016-09-02 14:27:16","0","",
"2016-09-02 15:27:34","0","",
"2016-09-02 16:27:51","0","",
"2016-09-02 17:28:09","0","",
"2016-09-02 17:29:31","1","",
"2016-09-02 17:32:48","1","",
"2016-09-02 17:35:42","1","",
"2016-09-02 17:38:03","1","",
"2016-09-02 17:48:09","0","",
"2016-09-02 18:08:14","0","",
"2016-09-02 18:20:18","1","",
"2016-09-02 18:30:23","0","",
"2016-09-02 18:50:29","0","",
"2016-09-02 19:23:25","1","",
"2016-09-02 19:33:31","0","",
"2016-09-02 19:42:05","1","",
"2016-09-02 19:52:10","0","",
"2016-09-02 20:12:16","0","",
"2016-09-02 20:41:15","1","",
"2016-09-02 20:51:20","0","",
"2016-09-02 20:59:13","1","",
"2016-09-02 21:09:18","0","",
"2016-09-02 21:29:24","0","",
"2016-09-02 22:03:23","1","",
"2016-09-02 22:13:28","0","",
"2016-09-02 22:33:34","0","",
"2016-09-02 23:33:51","0","",
"2016-09-02 23:46:47","1","",
"2016-09-02 23:56:52","0","",
"2016-09-03 00:16:57","0","",
"2016-09-03 00:26:11","1","",
"2016-09-03 00:36:16","0","",
"2016-09-03 00:56:22","0","",
"2016-09-03 01:56:40","0","",
"2016-09-03 02:56:56","0","",
"2016-09-03 03:57:13","0","",
"2016-09-03 04:57:30","0","",
"2016-09-03 05:57:46","0","",
"2016-09-03 06:58:02","0","",
"2016-09-03 07:50:23","1","",
"2016-09-03 08:00:27","0","",
"2016-09-03 08:20:33","0","",
"2016-09-03 08:22:17","1","",
"2016-09-03 08:34:25","0","",
"2016-09-03 08:54:31","0","",
"2016-09-03 09:54:47","0","",
"2016-09-03 10:02:24","1","",
"2016-09-03 10:12:29","0","",
"2016-09-03 10:32:35","0","",
"2016-09-03 11:14:59","1","",
"2016-09-03 11:25:04","0","",
"2016-09-03 11:45:10","0","",
"2016-09-03 12:45:26","0","",
"2016-09-03 13:17:31","1","",
"2016-09-03 13:21:24","1","",
"2016-09-03 13:24:35","1","",
"2016-09-03 13:34:40","0","",
"2016-09-03 13:46:00","1","",
"2016-09-03 13:56:05","0","",
"2016-09-03 14:01:33","1","",
"2016-09-03 14:03:38","1","",
"2016-09-03 14:09:10","1","",
"2016-09-03 14:19:15","0","",
"2016-09-03 14:38:24","1","",
"2016-09-03 14:48:29","0","",
"2016-09-03 14:57:04","1","",
"2016-09-03 15:05:13","1","",
"2016-09-03 15:15:18","0","",
"2016-09-03 15:23:13","1","",
"2016-09-03 15:30:29","1","",
"2016-09-03 15:40:34","0","",
"2016-09-03 16:00:39","0","",
"2016-09-03 16:10:47","1","",
"2016-09-03 16:13:21","1","",
"2016-09-03 16:23:26","0","",
"2016-09-03 16:28:27","1","",
"2016-09-03 16:38:32","0","",
"2016-09-03 16:38:33","1","",
"2016-09-03 16:48:38","0","",
"2016-09-03 16:52:01","1","",
"2016-09-03 17:02:05","0","",
"2016-09-03 17:22:11","0","",
"2016-09-03 17:48:43","1","",
"2016-09-03 17:54:41","1","",
"2016-09-03 18:04:45","0","",
"2016-09-03 18:15:28","1","",
"2016-09-03 18:25:33","0","",
"2016-09-03 18:26:00","1","",
"2016-09-03 18:36:05","0","",
"2016-09-03 18:39:17","1","",
"2016-09-03 18:41:38","1","",
"2016-09-03 18:51:43","0","",
"2016-09-03 18:52:04","1","",
"2016-09-03 18:54:44","1","",
"2016-09-03 19:02:42","1","",
"2016-09-03 19:12:47","0","",
"2016-09-03 19:32:52","0","",
"2016-09-03 19:42:59","1","",
"2016-09-03 19:52:24","1","",
"2016-09-03 19:57:14","1","",
"2016-09-03 20:07:19","0","",
"2016-09-03 20:07:27","1","",
"2016-09-03 20:10:47","1","",
"2016-09-03 20:12:49","1","",
"2016-09-03 20:22:54","0","",
"2016-09-03 20:42:59","0","",
"2016-09-03 20:53:00","1","",
"2016-09-03 21:03:05","0","",
"2016-09-03 21:07:16","1","",
"2016-09-03 21:17:21","0","",
"2016-09-03 21:37:26","0","",
"2016-09-03 21:43:40","1","",
"2016-09-03 21:50:52","1","",
"2016-09-03 22:00:57","0","",
"2016-09-03 22:21:02","0","",
"2016-09-03 23:21:18","0","",
"2016-09-04 00:04:30","1","",
"2016-09-04 00:14:35","0","",
"2016-09-04 00:34:41","0","",
"2016-09-04 01:34:56","0","",
"2016-09-04 02:29:01","1","",
"2016-09-04 02:39:06","0","",
"2016-09-04 02:59:11","0","",
"2016-09-04 03:59:26","0","",
"2016-09-04 04:59:40","0","",
"2016-09-04 05:59:56","0","",
"2016-09-04 07:00:11","0","",
"2016-09-04 08:00:24","0","",
"2016-09-04 09:00:37","0","",
"2016-09-04 09:22:19","1","",
"2016-09-04 09:32:24","0","",
"2016-09-04 09:47:55","1","",
"2016-09-04 09:58:00","0","",
"2016-09-04 10:00:30","1","",
"2016-09-04 10:10:34","0","",
"2016-09-04 10:24:13","1","",
"2016-09-04 10:26:28","1","",
"2016-09-04 10:29:09","1","",
"2016-09-04 10:31:59","1","",
"2016-09-04 10:42:03","0","",
"2016-09-04 11:02:08","0","",
"2016-09-04 11:40:25","1","",
"2016-09-04 11:42:57","1","",
"2016-09-04 11:53:02","0","",
"2016-09-04 11:54:01","1","",
"2016-09-04 12:02:27","1","",
"2016-09-04 12:12:31","0","",
"2016-09-04 12:20:04","1","",
"2016-09-04 12:30:09","0","",
"2016-09-04 12:50:14","0","",
"2016-09-04 13:05:26","1","",
"2016-09-04 13:09:25","1","",
"2016-09-04 13:19:30","0","",
"2016-09-04 13:35:16","1","",
"2016-09-04 13:45:20","0","",
"2016-09-04 13:54:00","1","",
"2016-09-04 14:04:04","0","",
"2016-09-04 14:23:58","1","",
"2016-09-04 14:34:03","0","",
"2016-09-04 15:07:00","1","",
"2016-09-04 15:10:01","1","",
"2016-09-04 15:20:06","0","",
"2016-09-04 15:40:11","0","",
"2016-09-04 16:17:57","1","",
"2016-09-04 16:33:10","0","",
"2016-09-04 16:53:11","1","",
"2016-09-04 17:03:15","0","",
"2016-09-04 17:10:48","1","",
"2016-09-04 17:20:52","0","",
"2016-09-04 17:27:46","1","",
"2016-09-04 17:37:51","0","",
"2016-09-04 17:57:56","0","",
"2016-09-04 18:20:46","1","",
"2016-09-04 18:30:50","0","",
"2016-09-04 18:37:01","1","",
"2016-09-04 18:47:06","0","",
"2016-09-04 19:07:12","0","",
"2016-09-04 19:26:39","1","",
"2016-09-04 19:36:44","0","",
"2016-09-04 19:56:49","0","",
"2016-09-04 20:10:05","1","",
"2016-09-04 20:17:34","1","",
"2016-09-04 20:25:21","1","",
"2016-09-04 20:35:26","0","",
"2016-09-04 20:55:31","0","",
"2016-09-04 21:55:46","0","",
"2016-09-04 22:56:01","0","",
"2016-09-04 23:05:53","1","",
"2016-09-04 23:15:58","0","",
"2016-09-04 23:30:12","1","",
"2016-09-04 23:40:17","0","",
"2016-09-04 23:49:48","1","",
"2016-09-04 23:52:47","1","",
"2016-09-05 00:02:52","0","",
"2016-09-05 00:22:57","0","",
"2016-09-05 01:23:12","0","",
"2016-09-05 02:23:27","0","",
"2016-09-05 03:23:41","0","",
"2016-09-05 03:26:05","1","",
"2016-09-05 03:36:04","1","",
"2016-09-05 03:46:09","0","",
"2016-09-05 04:06:13","0","",
"2016-09-05 05:06:28","0","",
"2016-09-05 06:06:42","0","",
"2016-09-05 07:06:57","0","",
"2016-09-05 08:07:11","0","",
"2016-09-05 08:34:18","1","",
"2016-09-05 08:43:50","1","",
"2016-09-05 08:53:54","0","",
"2016-09-05 09:13:59","0","",
"2016-09-05 09:56:47","1","",
"2016-09-05 10:05:51","1","",
"2016-09-05 10:15:56","0","",
"2016-09-05 10:25:43","1","",
"2016-09-05 10:35:47","0","",
"2016-09-05 10:51:47","1","",
"2016-09-05 11:01:51","0","",
"2016-09-05 11:07:41","1","",
"2016-09-05 11:17:45","0","",
"2016-09-05 11:37:50","0","",
"2016-09-05 11:39:02","1","",
"2016-09-05 11:49:07","0","",
"2016-09-05 12:09:11","0","",
"2016-09-05 12:15:29","1","",
"2016-09-05 12:25:33","0","",
"2016-09-05 12:45:38","0","",
"2016-09-05 13:45:52","0","",
"2016-09-05 14:46:05","0","",
"2016-09-05 15:46:19","0","",
"2016-09-05 16:46:32","0","",
"2016-09-05 17:46:45","0","",
"2016-09-05 18:46:58","0","",
"2016-09-05 18:48:39","1","",
"2016-09-05 18:54:14","1","",
"2016-09-05 19:04:18","0","",
"2016-09-05 19:24:22","0","",
"2016-09-05 20:24:36","0","",
"2016-09-05 21:24:49","0","",
"2016-09-05 22:25:03","0","",
"2016-09-05 23:25:17","0","",
"2016-09-06 00:25:30","0","",
"2016-09-06 00:50:47","1","",
"2016-09-06 01:00:51","0","",
"2016-09-06 01:20:56","0","",
"2016-09-06 02:21:09","0","",
"2016-09-06 03:21:24","0","",
"2016-09-06 04:21:38","0","",
"2016-09-06 05:21:53","0","",
"2016-09-06 06:22:07","0","",
"2016-09-06 07:22:21","0","",
"2016-09-06 07:26:29","1","",
"2016-09-06 07:36:33","0","",
"2016-09-06 07:53:12","1","",
"2016-09-06 08:03:17","0","",
"2016-09-06 08:23:22","0","",
"2016-09-06 09:23:35","0","",
"2016-09-06 09:30:38","1","",
"2016-09-06 09:40:43","0","",
"2016-09-06 09:50:27","1","",
"2016-09-06 10:00:31","0","",
"2016-09-06 10:04:02","1","",
"2016-09-06 10:14:06","0","",
"2016-09-06 10:28:56","1","",
"2016-09-06 10:39:00","0","",
"2016-09-06 10:59:05","0","",
"2016-09-06 11:44:52","1","",
"2016-09-06 11:54:57","0","",
"2016-09-06 12:15:02","0","",
"2016-09-06 13:15:16","0","",
"2016-09-06 14:15:31","0","",
"2016-09-06 15:15:45","0","",
"2016-09-06 16:16:01","0","",
"2016-09-06 17:16:17","0","",
"2016-09-06 18:16:32","0","",
"2016-09-06 19:13:14","1","",
"2016-09-06 19:16:01","1","",
"2016-09-06 19:26:06","0","",
"2016-09-06 19:28:46","1","",
"2016-09-06 19:38:51","0","",
"2016-09-06 19:58:57","0","",
"2016-09-06 20:59:13","0","",
"2016-09-06 21:59:29","0","",
"2016-09-06 22:59:44","0","",
"2016-09-06 23:44:06","1","",
"2016-09-06 23:54:11","0","",
"2016-09-07 00:14:16","0","",
"2016-09-07 00:37:26","1","",
"2016-09-07 00:47:31","0","",
"2016-09-07 01:07:37","0","",
"2016-09-07 02:07:53","0","",
"2016-09-07 03:08:09","0","",
"2016-09-07 04:08:25","0","",
"2016-09-07 05:08:41","0","",
"2016-09-07 06:08:58","0","",
"2016-09-07 07:09:14","0","",
"2016-09-07 08:09:30","0","",
"2016-09-07 09:09:45","0","",
"2016-09-07 09:34:30","1","",
"2016-09-07 09:36:30","1","",
"2016-09-07 09:46:35","0","",
"2016-09-07 09:53:35","1","",
"2016-09-07 10:03:39","0","",
"2016-09-07 10:07:41","1","",
"2016-09-07 10:17:46","0","",
"2016-09-07 10:37:52","0","",
"2016-09-07 11:00:30","1","",
"2016-09-07 11:02:58","1","",
"2016-09-07 11:09:34","1","",
"2016-09-07 11:11:35","1","",
"2016-09-07 11:21:40","0","",
"2016-09-07 11:41:46","0","",
"2016-09-07 12:41:06","1","",
"2016-09-07 12:43:17","1","",
"2016-09-07 12:53:22","0","",
"2016-09-07 13:13:28","0","",
"2016-09-07 14:13:45","0","",
"2016-09-07 15:14:02","0","",
"2016-09-07 15:32:26","1","",
"2016-09-07 15:36:31","1","",
"2016-09-07 15:39:51","1","",
"2016-09-07 15:42:26","1","",
"2016-09-07 15:45:14","1","",
"2016-09-07 15:47:18","1","",
"2016-09-07 15:49:19","1","",
"2016-09-07 15:54:22","1","",
"2016-09-07 15:57:34","1","",
"2016-09-07 15:59:58","1","",
"2016-09-07 16:03:35","1","",
"2016-09-07 16:11:51","1","",
"2016-09-07 16:21:57","0","",
"2016-09-07 16:23:13","1","",
"2016-09-07 16:33:19","0","",
"2016-09-07 16:53:25","0","",
"2016-09-07 17:53:42","0","",
"2016-09-07 18:26:44","1","",
"2016-09-07 18:29:01","1","",
"2016-09-07 18:39:06","0","",
"2016-09-07 18:59:13","0","",
"2016-09-07 19:27:40","1","",
"2016-09-07 19:37:46","0","",
"2016-09-07 19:39:03","1","",
"2016-09-07 19:49:08","0","",
"2016-09-07 20:09:14","0","",
"2016-09-07 20:54:09","1","",
"2016-09-07 20:57:51","1","",
"2016-09-07 21:00:08","1","",
"2016-09-07 21:10:13","0","",
"2016-09-07 21:14:00","1","",
"2016-09-07 21:22:06","1","",
"2016-09-07 21:25:24","1","",
"2016-09-07 21:28:26","1","",
"2016-09-07 21:38:31","0","",
"2016-09-07 21:58:37","0","",
"2016-09-07 22:58:55","0","",
"2016-09-07 23:04:09","1","",
"2016-09-07 23:14:15","0","",
"2016-09-07 23:31:43","1","",
"2016-09-07 23:41:48","0","",
"2016-09-08 00:01:54","0","",
"2016-09-08 01:02:11","0","",
"2016-09-08 02:02:29","0","",
"2016-09-08 02:39:36","1","",
"2016-09-08 02:49:41","0","",
"2016-09-08 03:09:47","0","",
"2016-09-08 03:16:08","1","",
"2016-09-08 03:19:47","1","",
"2016-09-08 03:23:35","1","",
"2016-09-08 03:33:40","0","",
"2016-09-08 03:53:47","0","",
"2016-09-08 04:54:06","0","",
"2016-09-08 05:54:25","0","",
"2016-09-08 06:54:43","0","",
"2016-09-08 07:14:57","1","",
"2016-09-08 07:25:02","0","",
"2016-09-08 07:45:08","0","",
"2016-09-08 08:45:25","0","",
"2016-09-08 08:51:57","1","",
"2016-09-08 09:02:03","0","",
"2016-09-08 09:22:09","0","",
"2016-09-08 10:22:27","0","",
"2016-09-08 11:13:44","1","",
"2016-09-08 11:23:49","0","",
"2016-09-08 11:43:55","0","",
"2016-09-08 12:39:51","1","",
"2016-09-08 12:43:08","1","",
"2016-09-08 12:45:32","1","",
"2016-09-08 12:55:07","1","",
"2016-09-08 13:05:13","0","",
"2016-09-08 13:07:18","1","",
"2016-09-08 13:12:19","1","",
"2016-09-08 13:22:24","0","",
"2016-09-08 13:42:31","0","",
"2016-09-08 14:42:50","0","",
"2016-09-08 15:21:22","1","",
"2016-09-08 15:31:27","0","",
"2016-09-08 15:51:34","0","",
"2016-09-08 16:51:53","0","",
"2016-09-08 17:03:26","1","",
"2016-09-08 17:13:32","0","",
"2016-09-08 17:15:42","1","",
"2016-09-08 17:22:06","1","",
"2016-09-08 17:24:08","1","",
"2016-09-08 17:26:32","1","",
"2016-09-08 17:36:38","0","",
"2016-09-08 17:50:45","1","",
"2016-09-08 18:00:50","0","",
"2016-09-08 18:20:57","0","",
"2016-09-08 18:27:12","1","",
"2016-09-08 18:29:44","1","",
"2016-09-08 18:39:49","0","",
"2016-09-08 18:58:06","1","",
"2016-09-08 19:01:15","1","",
"2016-09-08 19:11:21","0","",
"2016-09-08 19:16:57","1","",
"2016-09-08 19:22:44","1","",
"2016-09-08 19:26:25","1","",
"2016-09-08 19:33:57","1","",
"2016-09-08 19:36:03","1","",
"2016-09-08 19:39:08","1","",
"2016-09-08 19:41:24","1","",
"2016-09-08 19:44:40","1","",
"2016-09-08 19:54:46","0","",
"2016-09-08 20:12:12","1","",
"2016-09-08 20:22:17","0","",
"2016-09-08 20:42:24","0","",
"2016-09-08 21:38:17","1","",
"2016-09-08 21:41:05","1","",
"2016-09-08 21:51:11","0","",
"2016-09-08 21:56:27","1","",
"2016-09-08 21:58:28","1","",
"2016-09-08 22:00:29","1","",
"2016-09-08 22:10:29","1","",
"2016-09-08 22:20:34","0","",
"2016-09-08 22:21:05","1","",
"2016-09-08 22:31:11","0","",
"2016-09-08 22:32:43","1","",
"2016-09-08 22:42:49","0","",
"2016-09-08 23:02:56","0","",
"2016-09-08 23:05:34","1","",
"2016-09-08 23:15:40","0","",
"2016-09-08 23:16:15","1","",
"2016-09-08 23:18:16","1","",
"2016-09-08 23:22:14","1","",
"2016-09-08 23:27:21","1","",
"2016-09-08 23:35:27","1","",
"2016-09-08 23:37:49","1","",
"2016-09-08 23:47:55","0","",
"2016-09-08 23:58:08","1","",
"2016-09-09 00:00:18","1","",
"2016-09-09 00:05:14","1","",
"2016-09-09 00:13:29","1","",
"2016-09-09 00:21:41","1","",
"2016-09-09 00:31:47","0","",
"2016-09-09 00:51:54","0","",
"2016-09-09 01:52:13","0","",
"2016-09-09 02:04:24","1","",
"2016-09-09 02:07:28","1","",
"2016-09-09 02:17:34","0","",
"2016-09-09 02:37:41","0","",
"2016-09-09 03:38:00","0","",
"2016-09-09 04:38:20","0","",
"2016-09-09 05:38:39","0","",
"2016-09-09 06:38:59","0","",
"2016-09-09 07:39:19","0","",
"2016-09-09 08:39:38","0","",
"2016-09-09 09:33:47","1","",
"2016-09-09 09:43:53","0","",
"2016-09-09 10:04:00","0","",
"2016-09-09 10:49:32","1","",
"2016-09-09 10:59:37","0","",
"2016-09-09 11:19:44","0","",
"2016-09-09 11:53:05","1","",
"2016-09-09 11:55:14","1","",
"2016-09-09 11:57:26","1","",
"2016-09-09 12:07:32","0","",
"2016-09-09 12:27:39","0","",
"2016-09-09 12:53:41","1","",
"2016-09-09 13:03:46","0","",
"2016-09-09 13:23:53","0","",
"2016-09-09 14:24:14","0","",
"2016-09-09 15:24:34","0","",
"2016-09-09 16:24:56","0","",
"2016-09-09 17:25:17","0","",
"2016-09-09 17:31:50","1","",
"2016-09-09 17:41:56","0","",
"2016-09-09 18:02:03","0","",
"2016-09-09 18:14:44","1","",
"2016-09-09 18:19:36","1","",
"2016-09-09 18:28:17","1","",
"2016-09-09 18:38:23","0","",
"2016-09-09 18:52:00","1","",
"2016-09-09 19:02:05","0","",
"2016-09-09 19:09:35","1","",
"2016-09-09 19:19:41","0","",
"2016-09-09 19:39:49","0","",
"2016-09-09 20:40:12","0","",
"2016-09-09 21:25:36","1","",
"2016-09-09 21:29:39","1","",
"2016-09-09 21:39:45","0","",
"2016-09-09 21:43:46","1","",
"2016-09-09 21:53:52","0","",
"2016-09-09 22:13:59","0","",
"2016-09-09 23:14:21","0","",
"2016-09-10 00:14:42","0","",
"2016-09-10 00:29:03","1","",
"2016-09-10 00:32:35","1","",
"2016-09-10 00:42:41","0","",
"2016-09-10 01:02:47","0","",
"2016-09-10 01:58:51","1","",
"2016-09-10 02:08:57","0","",
"2016-09-10 02:29:04","0","",
"2016-09-10 02:49:15","1","",
"2016-09-10 02:59:20","0","",
"2016-09-10 03:19:27","0","",
"2016-09-10 04:19:49","0","",
"2016-09-10 05:20:10","0","",
"2016-09-10 06:20:31","0","",
"2016-09-10 06:44:02","1","",
"2016-09-10 06:54:08","0","",
"2016-09-10 07:14:15","0","",
"2016-09-10 08:14:37","0","",
"2016-09-10 08:29:21","1","",
"2016-09-10 08:39:27","0","",
"2016-09-10 08:58:02","1","",
"2016-09-10 09:08:09","0","",
"2016-09-10 09:18:22","1","",
"2016-09-10 09:28:28","0","",
"2016-09-10 09:48:36","0","",
"2016-09-10 10:48:58","0","",
"2016-09-10 11:19:14","1","",
"2016-09-10 11:21:26","1","",
"2016-09-10 11:30:09","1","",
"2016-09-10 11:40:15","0","",
"2016-09-10 12:00:22","0","",
"2016-09-10 12:54:52","1","",
"2016-09-10 13:04:58","0","",
"2016-09-10 13:18:39","1","",
"2016-09-10 13:20:41","1","",
"2016-09-10 13:29:55","1","",
"2016-09-10 13:33:44","1","",
"2016-09-10 13:43:50","0","",
"2016-09-10 14:03:58","0","",
"2016-09-10 14:06:41","1","",
"2016-09-10 14:16:47","0","",
"2016-09-10 14:22:34","1","",
"2016-09-10 14:26:17","1","",
"2016-09-10 14:29:27","1","",
"2016-09-10 14:31:34","1","",
"2016-09-10 14:36:17","1","",
"2016-09-10 14:38:19","1","",
"2016-09-10 14:40:38","1","",
"2016-09-10 14:43:40","1","",
"2016-09-10 14:46:25","1","",
"2016-09-10 14:50:39","1","",
"2016-09-10 15:00:45","0","",
"2016-09-10 15:01:51","1","",
"2016-09-10 15:04:17","1","",
"2016-09-10 15:11:09","1","",
"2016-09-10 15:21:05","1","",
"2016-09-10 15:23:23","1","",
"2016-09-10 15:25:54","1","",
"2016-09-10 15:36:00","0","",
"2016-09-10 15:45:45","1","",
"2016-09-10 15:54:38","1","",
"2016-09-10 15:59:43","1","",
"2016-09-10 16:03:21","1","",
"2016-09-10 16:11:39","1","",
"2016-09-10 16:21:45","0","",
"2016-09-10 16:22:16","1","",
"2016-09-10 16:32:00","1","",
"2016-09-10 16:42:06","0","",
"2016-09-10 17:02:14","0","",
"2016-09-10 17:32:45","1","",
"2016-09-10 17:39:20","1","",
"2016-09-10 17:41:41","1","",
"2016-09-10 17:46:43","1","",
"2016-09-10 17:51:18","1","",
"2016-09-10 17:54:00","1","",
"2016-09-10 18:04:06","0","",
"2016-09-10 18:17:23","1","",
"2016-09-10 18:23:23","1","",
"2016-09-10 18:32:41","1","",
"2016-09-10 18:36:48","1","",
"2016-09-10 18:41:10","1","",
"2016-09-10 18:51:16","0","",
"2016-09-10 18:54:05","1","",
"2016-09-10 19:01:29","1","",
"2016-09-10 19:08:42","1","",
"2016-09-10 19:18:48","0","",
"2016-09-10 19:33:45","1","",
"2016-09-10 19:38:04","1","",
"2016-09-10 19:48:10","0","",
"2016-09-10 19:57:28","1","",
"2016-09-10 20:01:27","1","",
"2016-09-10 20:03:49","1","",
"2016-09-10 20:06:16","1","",
"2016-09-10 20:08:29","1","",
"2016-09-10 20:18:35","0","",
"2016-09-10 20:19:45","1","",
"2016-09-10 20:29:51","0","",
"2016-09-10 20:32:58","1","",
"2016-09-10 20:37:31","1","",
"2016-09-10 20:39:33","1","",
"2016-09-10 20:43:27","1","",
"2016-09-10 20:49:43","1","",
"2016-09-10 20:54:54","1","",
"2016-09-10 21:03:54","1","",
"2016-09-10 21:11:07","1","",
"2016-09-10 21:21:13","0","",
"2016-09-10 21:36:45","1","",
"2016-09-10 21:39:34","1","",
"2016-09-10 21:49:40","0","",
"2016-09-10 22:09:48","0","",
"2016-09-10 22:21:12","1","",
"2016-09-10 22:31:19","0","",
"2016-09-10 22:38:17","1","",
"2016-09-10 22:48:23","0","",
"2016-09-10 23:08:31","0","",
"2016-09-10 23:10:39","1","",
"2016-09-10 23:14:38","1","",
"2016-09-10 23:18:02","1","",
"2016-09-10 23:28:08","0","",
"2016-09-10 23:31:23","1","",
"2016-09-10 23:38:11","1","",
"2016-09-10 23:40:33","1","",
"2016-09-10 23:42:36","1","",
"2016-09-10 23:46:03","1","",
"2016-09-10 23:49:52","1","",
"2016-09-10 23:53:00","1","",
