"DateAndTime","OS_Hall121 (Bloomberg-1 West-Hall 121) Occupancy","",
"2016-08-28 00:02:23","0","",
"2016-08-28 00:12:54","0","",
"2016-08-28 00:23:25","0","",
"2016-08-28 00:33:55","0","",
"2016-08-28 00:44:26","0","",
"2016-08-28 00:54:57","0","",
"2016-08-28 01:05:27","0","",
"2016-08-28 01:15:58","0","",
"2016-08-28 01:26:29","0","",
"2016-08-28 01:36:59","0","",
"2016-08-28 01:47:30","0","",
"2016-08-28 01:58:00","0","",
"2016-08-28 02:08:30","0","",
"2016-08-28 02:19:01","0","",
"2016-08-28 02:29:32","0","",
"2016-08-28 02:40:02","0","",
"2016-08-28 02:50:33","0","",
"2016-08-28 03:01:04","0","",
"2016-08-28 03:11:34","0","",
"2016-08-28 03:22:05","0","",
"2016-08-28 03:32:36","0","",
"2016-08-28 03:43:07","0","",
"2016-08-28 03:53:37","0","",
"2016-08-28 04:04:07","0","",
"2016-08-28 04:14:38","0","",
"2016-08-28 04:25:08","0","",
"2016-08-28 04:35:39","0","",
"2016-08-28 04:46:09","0","",
"2016-08-28 04:56:40","0","",
"2016-08-28 05:07:10","0","",
"2016-08-28 05:17:40","0","",
"2016-08-28 05:28:11","0","",
"2016-08-28 05:38:41","0","",
"2016-08-28 05:49:12","0","",
"2016-08-28 05:59:42","0","",
"2016-08-28 06:10:13","0","",
"2016-08-28 06:20:43","0","",
"2016-08-28 06:31:13","0","",
"2016-08-28 06:41:43","0","",
"2016-08-28 06:52:13","0","",
"2016-08-28 07:02:44","0","",
"2016-08-28 07:13:14","0","",
"2016-08-28 07:23:44","0","",
"2016-08-28 07:34:15","0","",
"2016-08-28 07:44:45","0","",
"2016-08-28 07:55:16","0","",
"2016-08-28 08:05:46","0","",
"2016-08-28 08:16:16","0","",
"2016-08-28 08:26:47","0","",
"2016-08-28 08:37:18","0","",
"2016-08-28 08:47:48","0","",
"2016-08-28 08:58:19","0","",
"2016-08-28 09:08:49","0","",
"2016-08-28 09:19:20","0","",
"2016-08-28 09:29:51","0","",
"2016-08-28 09:40:22","0","",
"2016-08-28 09:50:52","0","",
"2016-08-28 10:01:23","0","",
"2016-08-28 10:11:54","0","",
"2016-08-28 10:13:02","1","",
"2016-08-28 10:13:59","1","",
"2016-08-28 10:15:44","1","",
"2016-08-28 10:17:03","1","",
"2016-08-28 10:18:00","1","",
"2016-08-28 10:19:00","1","",
"2016-08-28 10:20:55","0","",
"2016-08-28 10:25:04","1","",
"2016-08-28 10:26:01","1","",
"2016-08-28 10:27:18","1","",
"2016-08-28 10:30:38","1","",
"2016-08-28 10:32:13","1","",
"2016-08-28 10:33:26","1","",
"2016-08-28 10:35:21","0","",
"2016-08-28 10:38:27","1","",
"2016-08-28 10:40:21","0","",
"2016-08-28 10:46:34","1","",
"2016-08-28 10:47:31","1","",
"2016-08-28 10:48:48","1","",
"2016-08-28 10:50:43","0","",
"2016-08-28 10:52:42","1","",
"2016-08-28 10:53:41","1","",
"2016-08-28 10:55:35","0","",
"2016-08-28 10:57:03","1","",
"2016-08-28 10:58:30","1","",
"2016-08-28 11:00:03","1","",
"2016-08-28 11:01:57","0","",
"2016-08-28 11:05:53","1","",
"2016-08-28 11:07:48","0","",
"2016-08-28 11:08:13","1","",
"2016-08-28 11:09:14","1","",
"2016-08-28 11:11:09","0","",
"2016-08-28 11:14:58","1","",
"2016-08-28 11:16:53","0","",
"2016-08-28 11:20:54","1","",
"2016-08-28 11:22:03","1","",
"2016-08-28 11:23:23","1","",
"2016-08-28 11:25:18","0","",
"2016-08-28 11:26:09","1","",
"2016-08-28 11:28:04","0","",
"2016-08-28 11:38:35","0","",
"2016-08-28 11:49:06","0","",
"2016-08-28 11:53:54","1","",
"2016-08-28 11:54:54","1","",
"2016-08-28 11:56:49","0","",
"2016-08-28 12:07:20","0","",
"2016-08-28 12:17:51","0","",
"2016-08-28 12:28:21","0","",
"2016-08-28 12:30:11","1","",
"2016-08-28 12:32:06","0","",
"2016-08-28 12:33:33","1","",
"2016-08-28 12:34:55","1","",
"2016-08-28 12:36:50","0","",
"2016-08-28 12:37:52","1","",
"2016-08-28 12:39:47","0","",
"2016-08-28 12:42:51","1","",
"2016-08-28 12:43:51","1","",
"2016-08-28 12:44:59","1","",
"2016-08-28 12:46:53","0","",
"2016-08-28 12:49:41","1","",
"2016-08-28 12:51:36","0","",
"2016-08-28 13:02:07","0","",
"2016-08-28 13:12:38","0","",
"2016-08-28 13:23:08","0","",
"2016-08-28 13:33:39","0","",
"2016-08-28 13:44:09","0","",
"2016-08-28 13:44:24","1","",
"2016-08-28 13:45:40","1","",
"2016-08-28 13:47:35","0","",
"2016-08-28 13:48:55","1","",
"2016-08-28 13:50:22","1","",
"2016-08-28 13:52:17","0","",
"2016-08-28 13:54:24","1","",
"2016-08-28 13:56:19","0","",
"2016-08-28 13:59:14","1","",
"2016-08-28 14:00:21","1","",
"2016-08-28 14:01:19","1","",
"2016-08-28 14:02:22","1","",
"2016-08-28 14:04:16","0","",
"2016-08-28 14:14:48","0","",
"2016-08-28 14:22:29","1","",
"2016-08-28 14:24:24","0","",
"2016-08-28 14:30:41","1","",
"2016-08-28 14:32:36","0","",
"2016-08-28 14:43:07","0","",
"2016-08-28 14:49:48","1","",
"2016-08-28 14:51:15","1","",
"2016-08-28 14:52:13","1","",
"2016-08-28 14:53:11","1","",
"2016-08-28 14:55:06","0","",
"2016-08-28 15:05:36","0","",
"2016-08-28 15:16:06","0","",
"2016-08-28 15:26:37","0","",
"2016-08-28 15:37:07","0","",
"2016-08-28 15:40:16","1","",
"2016-08-28 15:41:14","1","",
"2016-08-28 15:43:08","0","",
"2016-08-28 15:46:40","1","",
"2016-08-28 15:47:39","1","",
"2016-08-28 15:48:38","1","",
"2016-08-28 15:49:36","1","",
"2016-08-28 15:51:31","0","",
"2016-08-28 15:54:01","1","",
"2016-08-28 15:55:04","1","",
"2016-08-28 15:56:59","0","",
"2016-08-28 15:58:36","1","",
"2016-08-28 16:00:29","1","",
"2016-08-28 16:02:13","1","",
"2016-08-28 16:03:45","1","",
"2016-08-28 16:05:40","0","",
"2016-08-28 16:10:47","1","",
"2016-08-28 16:12:21","1","",
"2016-08-28 16:14:16","0","",
"2016-08-28 16:24:47","0","",
"2016-08-28 16:35:18","0","",
"2016-08-28 16:38:52","1","",
"2016-08-28 16:39:49","1","",
"2016-08-28 16:40:49","1","",
"2016-08-28 16:41:47","1","",
"2016-08-28 16:42:51","1","",
"2016-08-28 16:44:46","0","",
"2016-08-28 16:55:17","0","",
"2016-08-28 17:05:48","0","",
"2016-08-28 17:16:19","0","",
"2016-08-28 17:26:50","0","",
"2016-08-28 17:37:21","0","",
"2016-08-28 17:47:52","0","",
"2016-08-28 17:58:23","0","",
"2016-08-28 18:08:53","0","",
"2016-08-28 18:19:24","0","",
"2016-08-28 18:29:55","0","",
"2016-08-28 18:40:25","0","",
"2016-08-28 18:50:56","0","",
"2016-08-28 18:58:33","0","",
"2016-08-28 18:58:49","1","",
"2016-08-28 19:00:41","1","",
"2016-08-28 19:01:39","1","",
"2016-08-28 19:03:33","0","",
"2016-08-28 19:04:02","1","",
"2016-08-28 19:05:56","0","",
"2016-08-28 19:10:52","1","",
"2016-08-28 19:12:27","1","",
"2016-08-28 19:14:21","0","",
"2016-08-28 19:23:04","1","",
"2016-08-28 19:28:14","1","",
"2016-08-28 19:29:49","1","",
"2016-08-28 19:31:12","1","",
"2016-08-28 19:32:10","1","",
"2016-08-28 19:33:19","1","",
"2016-08-28 19:34:25","1","",
"2016-08-28 19:35:23","1","",
"2016-08-28 19:37:17","0","",
"2016-08-28 19:42:28","1","",
"2016-08-28 19:44:22","0","",
"2016-08-28 19:54:53","0","",
"2016-08-28 19:58:52","1","",
"2016-08-28 20:00:03","1","",
"2016-08-28 20:01:57","0","",
"2016-08-28 20:12:28","0","",
"2016-08-28 20:22:59","0","",
"2016-08-28 20:33:30","0","",
"2016-08-28 20:44:01","0","",
"2016-08-28 20:54:32","0","",
"2016-08-28 21:04:00","1","",
"2016-08-28 21:04:58","1","",
"2016-08-28 21:06:52","0","",
"2016-08-28 21:17:23","0","",
"2016-08-28 21:27:53","0","",
"2016-08-28 21:28:16","1","",
"2016-08-28 21:29:33","1","",
"2016-08-28 21:31:28","0","",
"2016-08-28 21:32:03","1","",
"2016-08-28 21:33:57","0","",
"2016-08-28 21:34:35","1","",
"2016-08-28 21:36:30","0","",
"2016-08-28 21:36:50","1","",
"2016-08-28 21:38:45","0","",
"2016-08-28 21:39:46","1","",
"2016-08-28 21:40:54","1","",
"2016-08-28 21:42:09","1","",
"2016-08-28 21:43:22","1","",
"2016-08-28 21:44:48","1","",
"2016-08-28 21:46:43","0","",
"2016-08-28 21:50:56","1","",
"2016-08-28 21:52:50","0","",
"2016-08-28 21:59:05","1","",
"2016-08-28 22:00:35","1","",
"2016-08-28 22:02:30","0","",
"2016-08-28 22:02:38","1","",
"2016-08-28 22:04:33","0","",
"2016-08-28 22:15:04","0","",
"2016-08-28 22:15:53","1","",
"2016-08-28 22:17:48","0","",
"2016-08-28 22:19:04","1","",
"2016-08-28 22:20:58","0","",
"2016-08-28 22:22:17","1","",
"2016-08-28 22:24:12","0","",
"2016-08-28 22:25:55","1","",
"2016-08-28 22:27:28","1","",
"2016-08-28 22:28:52","1","",
"2016-08-28 22:30:08","1","",
"2016-08-28 22:32:02","0","",
"2016-08-28 22:32:13","1","",
"2016-08-28 22:33:38","1","",
"2016-08-28 22:35:33","0","",
"2016-08-28 22:36:22","1","",
"2016-08-28 22:38:17","0","",
"2016-08-28 22:38:55","1","",
"2016-08-28 22:40:50","0","",
"2016-08-28 22:51:21","0","",
"2016-08-28 23:01:51","0","",
"2016-08-28 23:12:21","0","",
"2016-08-28 23:22:52","0","",
"2016-08-28 23:33:23","0","",
"2016-08-28 23:43:54","0","",
"2016-08-28 23:54:26","0","",
"2016-08-29 00:04:57","0","",
"2016-08-29 00:15:28","0","",
"2016-08-29 00:26:00","0","",
"2016-08-29 00:36:31","0","",
"2016-08-29 00:47:02","0","",
"2016-08-29 00:57:34","0","",
"2016-08-29 01:08:05","0","",
"2016-08-29 01:18:36","0","",
"2016-08-29 01:19:19","1","",
"2016-08-29 01:21:13","0","",
"2016-08-29 01:21:26","1","",
"2016-08-29 01:23:21","0","",
"2016-08-29 01:33:52","0","",
"2016-08-29 01:44:24","0","",
"2016-08-29 01:54:55","0","",
"2016-08-29 02:05:25","0","",
"2016-08-29 02:15:57","0","",
"2016-08-29 02:26:28","0","",
"2016-08-29 02:36:59","0","",
"2016-08-29 02:43:23","1","",
"2016-08-29 02:44:21","1","",
"2016-08-29 02:46:16","0","",
"2016-08-29 02:56:47","0","",
"2016-08-29 03:07:18","0","",
"2016-08-29 03:17:49","0","",
"2016-08-29 03:28:20","0","",
"2016-08-29 03:38:52","0","",
"2016-08-29 03:49:23","0","",
"2016-08-29 03:59:54","0","",
"2016-08-29 04:10:25","0","",
"2016-08-29 04:20:57","0","",
"2016-08-29 04:31:28","0","",
"2016-08-29 04:42:00","0","",
"2016-08-29 04:52:31","0","",
"2016-08-29 05:03:03","0","",
"2016-08-29 05:13:35","0","",
"2016-08-29 05:24:07","0","",
"2016-08-29 05:34:38","0","",
"2016-08-29 05:45:10","0","",
"2016-08-29 05:55:41","0","",
"2016-08-29 06:06:13","0","",
"2016-08-29 06:16:45","0","",
"2016-08-29 06:27:16","0","",
"2016-08-29 06:37:48","0","",
"2016-08-29 06:48:19","0","",
"2016-08-29 06:50:13","1","",
"2016-08-29 06:52:07","0","",
"2016-08-29 06:52:26","1","",
"2016-08-29 06:54:20","0","",
"2016-08-29 06:55:43","1","",
"2016-08-29 06:57:11","1","",
"2016-08-29 06:58:27","1","",
"2016-08-29 06:59:33","1","",
"2016-08-29 07:00:55","1","",
"2016-08-29 07:02:43","1","",
"2016-08-29 07:03:40","1","",
"2016-08-29 07:05:35","0","",
"2016-08-29 07:06:11","1","",
"2016-08-29 07:07:27","1","",
"2016-08-29 07:08:32","1","",
"2016-08-29 07:09:52","1","",
"2016-08-29 07:10:49","1","",
"2016-08-29 07:12:43","1","",
"2016-08-29 07:14:38","0","",
"2016-08-29 07:14:44","1","",
"2016-08-29 07:16:39","0","",
"2016-08-29 07:17:41","1","",
"2016-08-29 07:19:02","1","",
"2016-08-29 07:20:57","0","",
"2016-08-29 07:31:28","0","",
"2016-08-29 07:42:00","0","",
"2016-08-29 07:52:31","0","",
"2016-08-29 08:03:01","0","",
"2016-08-29 08:13:33","0","",
"2016-08-29 08:24:04","0","",
"2016-08-29 08:34:35","0","",
"2016-08-29 08:45:06","0","",
"2016-08-29 08:55:37","0","",
"2016-08-29 09:06:08","0","",
"2016-08-29 09:16:39","0","",
"2016-08-29 09:27:10","0","",
"2016-08-29 09:37:41","0","",
"2016-08-29 09:48:13","0","",
"2016-08-29 09:58:44","0","",
"2016-08-29 10:09:15","0","",
"2016-08-29 10:19:46","0","",
"2016-08-29 10:30:18","0","",
"2016-08-29 10:40:48","0","",
"2016-08-29 10:50:12","1","",
"2016-08-29 10:51:54","1","",
"2016-08-29 10:53:48","0","",
"2016-08-29 11:04:19","0","",
"2016-08-29 11:06:35","1","",
"2016-08-29 11:08:29","0","",
"2016-08-29 11:11:34","1","",
"2016-08-29 11:12:32","1","",
"2016-08-29 11:14:06","1","",
"2016-08-29 11:15:08","1","",
"2016-08-29 11:16:08","1","",
"2016-08-29 11:18:03","0","",
"2016-08-29 11:28:34","0","",
"2016-08-29 11:39:05","0","",
"2016-08-29 11:42:54","1","",
"2016-08-29 11:44:48","0","",
"2016-08-29 11:45:24","1","",
"2016-08-29 11:46:22","1","",
"2016-08-29 11:48:16","0","",
"2016-08-29 11:55:33","1","",
"2016-08-29 11:57:27","0","",
"2016-08-29 11:59:45","1","",
"2016-08-29 12:01:39","0","",
"2016-08-29 12:04:51","1","",
"2016-08-29 12:05:54","1","",
"2016-08-29 12:07:12","1","",
"2016-08-29 12:08:52","1","",
"2016-08-29 12:10:36","1","",
"2016-08-29 12:12:30","0","",
"2016-08-29 12:21:31","1","",
"2016-08-29 12:23:09","1","",
"2016-08-29 12:25:04","0","",
"2016-08-29 12:35:35","0","",
"2016-08-29 12:35:58","1","",
"2016-08-29 12:37:53","0","",
"2016-08-29 12:40:57","1","",
"2016-08-29 12:42:07","1","",
"2016-08-29 12:43:27","1","",
"2016-08-29 12:45:22","0","",
"2016-08-29 12:47:51","1","",
"2016-08-29 12:49:46","0","",
"2016-08-29 12:52:14","1","",
"2016-08-29 12:53:13","1","",
"2016-08-29 12:55:07","0","",
"2016-08-29 13:05:40","0","",
"2016-08-29 13:16:12","0","",
"2016-08-29 13:26:43","0","",
"2016-08-29 13:37:14","0","",
"2016-08-29 13:47:46","0","",
"2016-08-29 13:58:17","0","",
"2016-08-29 14:08:48","0","",
"2016-08-29 14:19:19","0","",
"2016-08-29 14:29:51","0","",
"2016-08-29 14:40:22","0","",
"2016-08-29 14:50:54","0","",
"2016-08-29 15:01:25","0","",
"2016-08-29 15:11:56","0","",
"2016-08-29 15:22:28","0","",
"2016-08-29 15:32:59","0","",
"2016-08-29 15:43:30","0","",
"2016-08-29 15:54:01","0","",
"2016-08-29 16:04:32","0","",
"2016-08-29 16:09:59","1","",
"2016-08-29 16:11:54","0","",
"2016-08-29 16:12:36","1","",
"2016-08-29 16:13:54","1","",
"2016-08-29 16:15:49","0","",
"2016-08-29 16:17:37","1","",
"2016-08-29 16:19:32","0","",
"2016-08-29 16:20:17","1","",
"2016-08-29 16:21:40","1","",
"2016-08-29 16:22:41","1","",
"2016-08-29 16:24:35","0","",
"2016-08-29 16:38:52","1","",
"2016-08-29 16:40:47","0","",
"2016-08-29 16:41:28","1","",
"2016-08-29 16:42:27","1","",
"2016-08-29 16:44:10","1","",
"2016-08-29 16:46:05","0","",
"2016-08-29 16:53:31","1","",
"2016-08-29 16:55:25","0","",
"2016-08-29 17:05:56","0","",
"2016-08-29 17:06:29","1","",
"2016-08-29 17:08:24","0","",
"2016-08-29 17:09:22","1","",
"2016-08-29 17:11:06","1","",
"2016-08-29 17:13:00","0","",
"2016-08-29 17:14:53","1","",
"2016-08-29 17:16:48","0","",
"2016-08-29 17:17:17","1","",
"2016-08-29 17:18:17","1","",
"2016-08-29 17:20:12","0","",
"2016-08-29 17:30:43","0","",
"2016-08-29 17:41:14","0","",
"2016-08-29 17:53:52","1","",
"2016-08-29 17:55:10","1","",
"2016-08-29 17:56:13","1","",
"2016-08-29 17:57:48","1","",
"2016-08-29 17:59:16","1","",
"2016-08-29 18:01:10","0","",
"2016-08-29 18:01:21","1","",
"2016-08-29 18:03:16","0","",
"2016-08-29 18:13:47","0","",
"2016-08-29 18:24:18","0","",
"2016-08-29 18:33:20","1","",
"2016-08-29 18:34:26","1","",
"2016-08-29 18:36:21","0","",
"2016-08-29 18:36:23","1","",
"2016-08-29 18:38:18","0","",
"2016-08-29 18:48:49","0","",
"2016-08-29 18:59:20","0","",
"2016-08-29 19:09:51","0","",
"2016-08-29 19:14:43","1","",
"2016-08-29 19:16:38","0","",
"2016-08-29 19:27:09","0","",
"2016-08-29 19:36:01","1","",
"2016-08-29 19:37:56","0","",
"2016-08-29 19:38:18","1","",
"2016-08-29 19:40:13","0","",
"2016-08-29 19:50:44","0","",
"2016-08-29 19:53:23","1","",
"2016-08-29 19:54:36","1","",
"2016-08-29 19:56:30","0","",
"2016-08-29 19:56:34","1","",
"2016-08-29 19:57:43","1","",
"2016-08-29 19:58:53","1","",
"2016-08-29 19:59:51","1","",
"2016-08-29 20:00:51","1","",
"2016-08-29 20:01:49","1","",
"2016-08-29 20:03:44","0","",
"2016-08-29 20:14:14","0","",
"2016-08-29 20:24:45","0","",
"2016-08-29 20:35:15","0","",
"2016-08-29 20:45:46","0","",
"2016-08-29 20:56:16","0","",
"2016-08-29 21:06:46","0","",
"2016-08-29 21:17:16","0","",
"2016-08-29 21:27:46","0","",
"2016-08-29 21:29:14","1","",
"2016-08-29 21:30:21","1","",
"2016-08-29 21:31:18","1","",
"2016-08-29 21:33:13","0","",
"2016-08-29 21:34:59","1","",
"2016-08-29 21:36:29","1","",
"2016-08-29 21:38:24","0","",
"2016-08-29 21:38:49","1","",
"2016-08-29 21:39:46","1","",
"2016-08-29 21:41:32","1","",
"2016-08-29 21:43:27","0","",
"2016-08-29 21:53:57","0","",
"2016-08-29 22:02:17","1","",
"2016-08-29 22:03:40","1","",
"2016-08-29 22:04:37","1","",
"2016-08-29 22:05:35","1","",
"2016-08-29 22:06:38","1","",
"2016-08-29 22:08:01","1","",
"2016-08-29 22:09:23","1","",
"2016-08-29 22:11:18","1","",
"2016-08-29 22:13:12","0","",
"2016-08-29 22:16:21","1","",
"2016-08-29 22:17:18","1","",
"2016-08-29 22:19:13","0","",
"2016-08-29 22:28:36","1","",
"2016-08-29 22:30:20","1","",
"2016-08-29 22:32:15","0","",
"2016-08-29 22:41:19","1","",
"2016-08-29 22:43:14","0","",
"2016-08-29 22:44:18","1","",
"2016-08-29 22:46:12","0","",
"2016-08-29 22:56:44","0","",
"2016-08-29 23:07:14","0","",
"2016-08-29 23:17:46","0","",
"2016-08-29 23:28:17","0","",
"2016-08-29 23:38:48","0","",
"2016-08-29 23:49:19","0","",
"2016-08-29 23:59:50","0","",
"2016-08-30 00:02:26","1","",
"2016-08-30 00:03:25","1","",
"2016-08-30 00:05:19","0","",
"2016-08-30 00:15:50","0","",
"2016-08-30 00:26:21","0","",
"2016-08-30 00:36:52","0","",
"2016-08-30 00:44:25","1","",
"2016-08-30 00:46:04","1","",
"2016-08-30 00:47:58","0","",
"2016-08-30 00:58:29","0","",
"2016-08-30 01:08:59","0","",
"2016-08-30 01:19:29","0","",
"2016-08-30 01:30:00","0","",
"2016-08-30 01:40:31","0","",
"2016-08-30 01:46:29","1","",
"2016-08-30 01:47:26","1","",
"2016-08-30 01:49:21","0","",
"2016-08-30 01:59:52","0","",
"2016-08-30 02:10:22","0","",
"2016-08-30 02:20:53","0","",
"2016-08-30 02:31:24","0","",
"2016-08-30 02:41:55","0","",
"2016-08-30 02:52:26","0","",
"2016-08-30 03:02:56","0","",
"2016-08-30 03:13:27","0","",
"2016-08-30 03:23:58","0","",
"2016-08-30 03:34:29","0","",
"2016-08-30 03:45:00","0","",
"2016-08-30 03:55:32","0","",
"2016-08-30 04:06:04","0","",
"2016-08-30 04:16:35","0","",
"2016-08-30 04:27:06","0","",
"2016-08-30 04:37:38","0","",
"2016-08-30 04:48:09","0","",
"2016-08-30 04:58:40","0","",
"2016-08-30 05:09:11","0","",
"2016-08-30 05:19:42","0","",
"2016-08-30 05:30:12","0","",
"2016-08-30 05:40:43","0","",
"2016-08-30 05:48:29","1","",
"2016-08-30 05:50:24","0","",
"2016-08-30 05:51:15","1","",
"2016-08-30 05:53:10","0","",
"2016-08-30 06:03:40","0","",
"2016-08-30 06:14:11","0","",
"2016-08-30 06:24:42","0","",
"2016-08-30 06:35:13","0","",
"2016-08-30 06:45:44","0","",
"2016-08-30 06:56:14","0","",
"2016-08-30 07:06:45","0","",
"2016-08-30 07:17:15","0","",
"2016-08-30 07:27:46","0","",
"2016-08-30 07:38:17","0","",
"2016-08-30 07:43:19","1","",
"2016-08-30 07:45:14","0","",
"2016-08-30 07:46:01","1","",
"2016-08-30 07:47:34","1","",
"2016-08-30 07:48:33","1","",
"2016-08-30 07:49:58","1","",
"2016-08-30 07:51:09","1","",
"2016-08-30 07:53:04","0","",
"2016-08-30 07:53:32","1","",
"2016-08-30 07:55:27","0","",
"2016-08-30 07:56:19","1","",
"2016-08-30 07:58:03","1","",
"2016-08-30 07:59:58","0","",
"2016-08-30 08:01:25","1","",
"2016-08-30 08:02:30","1","",
"2016-08-30 08:03:36","1","",
"2016-08-30 08:04:34","1","",
"2016-08-30 08:06:11","1","",
"2016-08-30 08:07:09","1","",
"2016-08-30 08:08:14","1","",
"2016-08-30 08:10:08","0","",
"2016-08-30 08:20:40","0","",
"2016-08-30 08:31:11","0","",
"2016-08-30 08:41:41","0","",
"2016-08-30 08:52:12","0","",
"2016-08-30 09:02:43","0","",
"2016-08-30 09:13:13","0","",
"2016-08-30 09:23:44","0","",
"2016-08-30 09:34:15","0","",
"2016-08-30 09:44:46","0","",
"2016-08-30 09:55:17","0","",
"2016-08-30 10:05:47","0","",
"2016-08-30 10:16:18","0","",
"2016-08-30 10:26:49","0","",
"2016-08-30 10:37:20","0","",
"2016-08-30 10:47:51","0","",
"2016-08-30 10:50:02","1","",
"2016-08-30 10:51:41","1","",
"2016-08-30 10:52:51","1","",
"2016-08-30 10:54:46","0","",
"2016-08-30 10:58:28","1","",
"2016-08-30 10:59:38","1","",
"2016-08-30 11:00:36","1","",
"2016-08-30 11:01:40","1","",
"2016-08-30 11:02:38","1","",
"2016-08-30 11:04:33","0","",
"2016-08-30 11:05:14","1","",
"2016-08-30 11:06:13","1","",
"2016-08-30 11:07:46","1","",
"2016-08-30 11:09:41","0","",
"2016-08-30 11:20:13","0","",
"2016-08-30 11:30:44","0","",
"2016-08-30 11:41:15","0","",
"2016-08-30 11:49:30","1","",
"2016-08-30 11:51:25","0","",
"2016-08-30 11:53:58","1","",
"2016-08-30 11:55:52","0","",
"2016-08-30 11:57:12","1","",
"2016-08-30 11:59:07","0","",
"2016-08-30 12:03:09","1","",
"2016-08-30 12:05:04","0","",
"2016-08-30 12:15:35","0","",
"2016-08-30 12:16:51","1","",
"2016-08-30 12:17:57","1","",
"2016-08-30 12:19:02","1","",
"2016-08-30 12:20:57","0","",
"2016-08-30 12:31:28","0","",
"2016-08-30 12:41:58","0","",
"2016-08-30 12:52:29","0","",
"2016-08-30 13:02:59","0","",
"2016-08-30 13:10:51","1","",
"2016-08-30 13:12:45","0","",
"2016-08-30 13:14:12","1","",
"2016-08-30 13:15:11","1","",
"2016-08-30 13:17:06","0","",
"2016-08-30 13:27:36","0","",
"2016-08-30 13:38:07","0","",
"2016-08-30 13:48:38","0","",
"2016-08-30 13:59:08","0","",
"2016-08-30 14:09:38","0","",
"2016-08-30 14:20:09","0","",
"2016-08-30 14:30:39","0","",
"2016-08-30 14:41:10","0","",
"2016-08-30 14:51:41","0","",
"2016-08-30 15:02:11","0","",
"2016-08-30 15:12:42","0","",
"2016-08-30 15:23:12","0","",
"2016-08-30 15:33:43","0","",
"2016-08-30 15:44:13","0","",
"2016-08-30 15:54:44","0","",
"2016-08-30 16:05:15","0","",
"2016-08-30 16:15:46","0","",
"2016-08-30 16:26:16","0","",
"2016-08-30 16:36:47","0","",
"2016-08-30 16:47:17","0","",
"2016-08-30 16:57:48","0","",
"2016-08-30 17:08:19","0","",
"2016-08-30 17:18:50","0","",
"2016-08-30 17:29:21","0","",
"2016-08-30 17:39:51","0","",
"2016-08-30 17:50:22","0","",
"2016-08-30 18:00:53","0","",
"2016-08-30 18:11:23","0","",
"2016-08-30 18:21:53","0","",
"2016-08-30 18:32:23","0","",
"2016-08-30 18:42:53","0","",
"2016-08-30 18:53:23","0","",
"2016-08-30 19:03:52","0","",
"2016-08-30 19:14:22","0","",
"2016-08-30 19:24:52","0","",
"2016-08-30 19:35:22","0","",
"2016-08-30 19:45:52","0","",
"2016-08-30 19:53:24","1","",
"2016-08-30 19:55:18","0","",
"2016-08-30 20:05:48","0","",
"2016-08-30 20:16:18","0","",
"2016-08-30 20:26:48","0","",
"2016-08-30 20:37:18","0","",
"2016-08-30 20:47:48","0","",
"2016-08-30 20:58:19","0","",
"2016-08-30 21:08:48","0","",
"2016-08-30 21:19:19","0","",
"2016-08-30 21:29:49","0","",
"2016-08-30 21:40:20","0","",
"2016-08-30 21:50:50","0","",
"2016-08-30 22:01:20","0","",
"2016-08-30 22:11:50","0","",
"2016-08-30 22:22:20","0","",
"2016-08-30 22:32:50","0","",
"2016-08-30 22:43:20","0","",
"2016-08-30 22:53:51","0","",
"2016-08-30 23:04:22","0","",
"2016-08-30 23:14:53","0","",
"2016-08-30 23:25:23","0","",
"2016-08-30 23:35:54","0","",
"2016-08-30 23:46:24","0","",
"2016-08-30 23:56:55","0","",
"2016-08-31 00:07:25","0","",
"2016-08-31 00:17:55","0","",
"2016-08-31 00:28:26","0","",
"2016-08-31 00:38:56","0","",
"2016-08-31 00:49:27","0","",
"2016-08-31 00:59:57","0","",
"2016-08-31 01:10:27","0","",
"2016-08-31 01:20:58","0","",
"2016-08-31 01:31:28","0","",
"2016-08-31 01:41:59","0","",
"2016-08-31 01:52:29","0","",
"2016-08-31 02:03:00","0","",
"2016-08-31 02:13:30","0","",
"2016-08-31 02:24:00","0","",
"2016-08-31 02:34:31","0","",
"2016-08-31 02:45:01","0","",
"2016-08-31 02:55:31","0","",
"2016-08-31 03:06:02","0","",
"2016-08-31 03:16:32","0","",
"2016-08-31 03:27:03","0","",
"2016-08-31 03:37:33","0","",
"2016-08-31 03:48:02","0","",
"2016-08-31 03:58:32","0","",
"2016-08-31 04:09:02","0","",
"2016-08-31 04:19:32","0","",
"2016-08-31 04:30:02","0","",
"2016-08-31 04:40:33","0","",
"2016-08-31 04:51:03","0","",
"2016-08-31 05:01:33","0","",
"2016-08-31 05:12:04","0","",
"2016-08-31 05:22:34","0","",
"2016-08-31 05:33:04","0","",
"2016-08-31 05:43:35","0","",
"2016-08-31 05:54:05","0","",
"2016-08-31 06:04:35","0","",
"2016-08-31 06:15:05","0","",
"2016-08-31 06:25:36","0","",
"2016-08-31 06:36:06","0","",
"2016-08-31 06:46:36","0","",
"2016-08-31 06:57:06","0","",
"2016-08-31 07:07:36","0","",
"2016-08-31 07:18:05","0","",
"2016-08-31 07:28:36","0","",
"2016-08-31 07:39:06","0","",
"2016-08-31 07:49:37","0","",
"2016-08-31 08:00:07","0","",
"2016-08-31 08:10:37","0","",
"2016-08-31 08:21:08","0","",
"2016-08-31 08:31:38","0","",
"2016-08-31 08:42:09","0","",
"2016-08-31 08:52:39","0","",
"2016-08-31 09:03:10","0","",
"2016-08-31 09:13:40","0","",
"2016-08-31 09:24:10","0","",
"2016-08-31 09:34:40","0","",
"2016-08-31 09:45:10","0","",
"2016-08-31 09:55:41","0","",
"2016-08-31 10:06:10","0","",
"2016-08-31 10:16:41","0","",
"2016-08-31 10:27:12","0","",
"2016-08-31 10:37:42","0","",
"2016-08-31 10:48:12","0","",
"2016-08-31 10:58:42","0","",
"2016-08-31 11:09:12","0","",
"2016-08-31 11:19:42","0","",
"2016-08-31 11:30:12","0","",
"2016-08-31 11:33:59","1","",
"2016-08-31 11:35:17","1","",
"2016-08-31 11:36:39","1","",
"2016-08-31 11:38:33","0","",
"2016-08-31 11:49:03","0","",
"2016-08-31 11:59:33","0","",
"2016-08-31 12:10:02","0","",
"2016-08-31 12:20:33","0","",
"2016-08-31 12:31:03","0","",
"2016-08-31 12:41:33","0","",
"2016-08-31 12:52:03","0","",
"2016-08-31 13:02:33","0","",
"2016-08-31 13:13:03","0","",
"2016-08-31 13:19:15","1","",
"2016-08-31 13:20:13","1","",
"2016-08-31 13:21:10","1","",
"2016-08-31 13:22:07","1","",
"2016-08-31 13:24:02","0","",
"2016-08-31 13:24:09","1","",
"2016-08-31 13:25:23","1","",
"2016-08-31 13:26:32","1","",
"2016-08-31 13:27:32","1","",
"2016-08-31 13:28:29","1","",
"2016-08-31 13:29:26","1","",
"2016-08-31 13:30:37","1","",
"2016-08-31 13:31:35","1","",
"2016-08-31 13:32:32","1","",
"2016-08-31 13:33:34","1","",
"2016-08-31 13:34:33","1","",
"2016-08-31 13:35:32","1","",
"2016-08-31 13:36:44","1","",
"2016-08-31 13:38:39","0","",
"2016-08-31 13:40:01","1","",
"2016-08-31 13:40:59","1","",
"2016-08-31 13:42:11","1","",
"2016-08-31 13:43:09","1","",
"2016-08-31 13:44:06","1","",
"2016-08-31 13:45:07","1","",
"2016-08-31 13:47:02","0","",
"2016-08-31 13:57:32","0","",
"2016-08-31 14:08:02","0","",
"2016-08-31 14:18:33","0","",
"2016-08-31 14:29:03","0","",
"2016-08-31 14:39:33","0","",
"2016-08-31 14:50:03","0","",
"2016-08-31 15:00:32","0","",
"2016-08-31 15:11:02","0","",
"2016-08-31 15:21:32","0","",
"2016-08-31 15:32:02","0","",
"2016-08-31 15:42:32","0","",
"2016-08-31 15:53:02","0","",
"2016-08-31 16:03:32","0","",
"2016-08-31 16:14:02","0","",
"2016-08-31 16:24:32","0","",
"2016-08-31 16:35:02","0","",
"2016-08-31 16:45:31","0","",
"2016-08-31 16:56:01","0","",
"2016-08-31 17:06:30","0","",
"2016-08-31 17:17:00","0","",
"2016-08-31 17:27:30","0","",
"2016-08-31 17:38:00","0","",
"2016-08-31 17:48:30","0","",
"2016-08-31 17:59:00","0","",
"2016-08-31 18:09:30","0","",
"2016-08-31 18:19:59","0","",
"2016-08-31 18:30:29","0","",
"2016-08-31 18:40:59","0","",
"2016-08-31 18:51:28","0","",
"2016-08-31 19:01:59","0","",
"2016-08-31 19:12:29","0","",
"2016-08-31 19:22:59","0","",
"2016-08-31 19:33:29","0","",
"2016-08-31 19:43:59","0","",
"2016-08-31 19:54:29","0","",
"2016-08-31 20:05:00","0","",
"2016-08-31 20:15:30","0","",
"2016-08-31 20:26:00","0","",
"2016-08-31 20:36:30","0","",
"2016-08-31 20:47:01","0","",
"2016-08-31 20:57:31","0","",
"2016-08-31 21:08:02","0","",
"2016-08-31 21:18:32","0","",
"2016-08-31 21:29:02","0","",
"2016-08-31 21:39:32","0","",
"2016-08-31 21:50:03","0","",
"2016-08-31 22:00:32","0","",
"2016-08-31 22:11:02","0","",
"2016-08-31 22:21:32","0","",
"2016-08-31 22:32:02","0","",
"2016-08-31 22:42:32","0","",
"2016-08-31 22:53:03","0","",
"2016-08-31 23:03:32","0","",
"2016-08-31 23:14:02","0","",
"2016-08-31 23:24:32","0","",
"2016-08-31 23:35:02","0","",
"2016-08-31 23:45:32","0","",
"2016-08-31 23:56:02","0","",
"2016-09-01 00:06:31","0","",
"2016-09-01 00:17:02","0","",
"2016-09-01 00:27:31","0","",
"2016-09-01 00:38:01","0","",
"2016-09-01 00:48:32","0","",
"2016-09-01 00:59:02","0","",
"2016-09-01 01:09:31","0","",
"2016-09-01 01:20:01","0","",
"2016-09-01 01:30:31","0","",
"2016-09-01 01:41:00","0","",
"2016-09-01 01:51:30","0","",
"2016-09-01 02:02:00","0","",
"2016-09-01 02:12:30","0","",
"2016-09-01 02:23:00","0","",
"2016-09-01 02:33:30","0","",
"2016-09-01 02:44:00","0","",
"2016-09-01 02:54:29","0","",
"2016-09-01 03:04:59","0","",
"2016-09-01 03:15:29","0","",
"2016-09-01 03:25:58","0","",
"2016-09-01 03:36:28","0","",
"2016-09-01 03:46:58","0","",
"2016-09-01 03:57:28","0","",
"2016-09-01 04:07:58","0","",
"2016-09-01 04:18:28","0","",
"2016-09-01 04:28:59","0","",
"2016-09-01 04:39:29","0","",
"2016-09-01 04:49:59","0","",
"2016-09-01 05:00:30","0","",
"2016-09-01 05:11:00","0","",
"2016-09-01 05:21:30","0","",
"2016-09-01 05:32:00","0","",
"2016-09-01 05:42:30","0","",
"2016-09-01 05:53:00","0","",
"2016-09-01 06:03:30","0","",
"2016-09-01 06:14:00","0","",
"2016-09-01 06:24:30","0","",
"2016-09-01 06:35:00","0","",
"2016-09-01 06:45:30","0","",
"2016-09-01 06:56:00","0","",
"2016-09-01 07:06:29","0","",
"2016-09-01 07:17:00","0","",
"2016-09-01 07:27:30","0","",
"2016-09-01 07:38:00","0","",
"2016-09-01 07:48:30","0","",
"2016-09-01 07:59:00","0","",
"2016-09-01 08:09:29","0","",
"2016-09-01 08:20:00","0","",
"2016-09-01 08:30:30","0","",
"2016-09-01 08:41:00","0","",
"2016-09-01 08:51:30","0","",
"2016-09-01 09:02:00","0","",
"2016-09-01 09:12:31","0","",
"2016-09-01 09:23:01","0","",
"2016-09-01 09:33:31","0","",
"2016-09-01 09:44:01","0","",
"2016-09-01 09:54:32","0","",
"2016-09-01 10:05:01","0","",
"2016-09-01 10:15:32","0","",
"2016-09-01 10:26:02","0","",
"2016-09-01 10:36:32","0","",
"2016-09-01 10:47:03","0","",
"2016-09-01 10:57:33","0","",
"2016-09-01 11:08:03","0","",
"2016-09-01 11:18:33","0","",
"2016-09-01 11:29:03","0","",
"2016-09-01 11:39:33","0","",
"2016-09-01 11:50:03","0","",
"2016-09-01 12:00:32","0","",
"2016-09-01 12:11:03","0","",
"2016-09-01 12:21:33","0","",
"2016-09-01 12:32:03","0","",
"2016-09-01 12:42:33","0","",
"2016-09-01 12:53:04","0","",
"2016-09-01 13:03:34","0","",
"2016-09-01 13:14:04","0","",
"2016-09-01 13:24:35","0","",
"2016-09-01 13:35:05","0","",
"2016-09-01 13:45:35","0","",
"2016-09-01 13:56:05","0","",
"2016-09-01 14:06:35","0","",
"2016-09-01 14:17:05","0","",
"2016-09-01 14:27:35","0","",
"2016-09-01 14:38:05","0","",
"2016-09-01 14:48:36","0","",
"2016-09-01 14:59:06","0","",
"2016-09-01 15:09:35","0","",
"2016-09-01 15:20:05","0","",
"2016-09-01 15:30:36","0","",
"2016-09-01 15:41:06","0","",
"2016-09-01 15:51:36","0","",
"2016-09-01 16:02:06","0","",
"2016-09-01 16:12:36","0","",
"2016-09-01 16:23:06","0","",
"2016-09-01 16:33:36","0","",
"2016-09-01 16:44:06","0","",
"2016-09-01 16:54:36","0","",
"2016-09-01 17:05:05","0","",
"2016-09-01 17:15:35","0","",
"2016-09-01 17:26:05","0","",
"2016-09-01 17:36:34","0","",
"2016-09-01 17:47:04","0","",
"2016-09-01 17:57:34","0","",
"2016-09-01 18:08:03","0","",
"2016-09-01 18:18:32","0","",
"2016-09-01 18:29:01","0","",
"2016-09-01 18:39:31","0","",
"2016-09-01 18:50:01","0","",
"2016-09-01 19:00:30","0","",
"2016-09-01 19:11:00","0","",
"2016-09-01 19:21:30","0","",
"2016-09-01 19:31:59","0","",
"2016-09-01 19:42:29","0","",
"2016-09-01 19:52:58","0","",
"2016-09-01 20:03:28","0","",
"2016-09-01 20:13:58","0","",
"2016-09-01 20:24:28","0","",
"2016-09-01 20:34:58","0","",
"2016-09-01 20:45:28","0","",
"2016-09-01 20:55:58","0","",
"2016-09-01 21:06:27","0","",
"2016-09-01 21:16:57","0","",
"2016-09-01 21:27:27","0","",
"2016-09-01 21:37:56","0","",
"2016-09-01 21:48:26","0","",
"2016-09-01 21:58:55","0","",
"2016-09-01 22:09:24","0","",
"2016-09-01 22:19:54","0","",
"2016-09-01 22:30:23","0","",
"2016-09-01 22:40:53","0","",
"2016-09-01 22:51:23","0","",
"2016-09-01 23:01:52","0","",
"2016-09-01 23:12:22","0","",
"2016-09-01 23:22:52","0","",
"2016-09-01 23:33:21","0","",
"2016-09-01 23:43:50","0","",
"2016-09-01 23:54:20","0","",
"2016-09-02 00:04:50","0","",
"2016-09-02 00:15:20","0","",
"2016-09-02 00:25:50","0","",
"2016-09-02 00:36:21","0","",
"2016-09-02 00:46:50","0","",
"2016-09-02 00:57:20","0","",
"2016-09-02 01:07:49","0","",
"2016-09-02 01:18:19","0","",
"2016-09-02 01:28:48","0","",
"2016-09-02 01:39:18","0","",
"2016-09-02 01:49:48","0","",
"2016-09-02 02:00:17","0","",
"2016-09-02 02:10:47","0","",
"2016-09-02 02:21:16","0","",
"2016-09-02 02:31:45","0","",
"2016-09-02 02:42:14","0","",
"2016-09-02 02:52:44","0","",
"2016-09-02 03:03:12","0","",
"2016-09-02 03:13:42","0","",
"2016-09-02 03:24:11","0","",
"2016-09-02 03:34:41","0","",
"2016-09-02 03:45:10","0","",
"2016-09-02 03:55:39","0","",
"2016-09-02 04:06:09","0","",
"2016-09-02 04:16:39","0","",
"2016-09-02 04:27:08","0","",
"2016-09-02 04:37:37","0","",
"2016-09-02 04:48:07","0","",
"2016-09-02 04:58:37","0","",
"2016-09-02 05:09:07","0","",
"2016-09-02 05:19:36","0","",
"2016-09-02 05:30:06","0","",
"2016-09-02 05:40:35","0","",
"2016-09-02 05:51:05","0","",
"2016-09-02 06:01:33","0","",
"2016-09-02 06:12:02","0","",
"2016-09-02 06:13:02","1","",
"2016-09-02 06:14:56","0","",
"2016-09-02 06:25:25","0","",
"2016-09-02 06:35:54","0","",
"2016-09-02 06:46:24","0","",
"2016-09-02 06:56:53","0","",
"2016-09-02 07:07:22","0","",
"2016-09-02 07:17:51","0","",
"2016-09-02 07:28:21","0","",
"2016-09-02 07:38:51","0","",
"2016-09-02 07:49:20","0","",
"2016-09-02 07:59:50","0","",
"2016-09-02 08:10:19","0","",
"2016-09-02 08:20:49","0","",
"2016-09-02 08:31:18","0","",
"2016-09-02 08:41:47","0","",
"2016-09-02 08:52:17","0","",
"2016-09-02 09:02:46","0","",
"2016-09-02 09:13:15","0","",
"2016-09-02 09:23:45","0","",
"2016-09-02 09:34:15","0","",
"2016-09-02 09:44:45","0","",
"2016-09-02 09:55:14","0","",
"2016-09-02 10:05:43","0","",
"2016-09-02 10:16:12","0","",
"2016-09-02 10:26:42","0","",
"2016-09-02 10:37:12","0","",
"2016-09-02 10:47:41","0","",
"2016-09-02 10:58:10","0","",
"2016-09-02 11:00:12","1","",
"2016-09-02 11:01:11","1","",
"2016-09-02 11:03:06","0","",
"2016-09-02 11:13:35","0","",
"2016-09-02 11:24:04","0","",
"2016-09-02 11:34:33","0","",
"2016-09-02 11:45:03","0","",
"2016-09-02 11:55:31","0","",
"2016-09-02 12:06:00","0","",
"2016-09-02 12:16:29","0","",
"2016-09-02 12:26:59","0","",
"2016-09-02 12:37:28","0","",
"2016-09-02 12:47:58","0","",
"2016-09-02 12:58:27","0","",
"2016-09-02 13:08:56","0","",
"2016-09-02 13:19:26","0","",
"2016-09-02 13:29:55","0","",
"2016-09-02 13:40:24","0","",
"2016-09-02 13:50:54","0","",
"2016-09-02 14:01:23","0","",
"2016-09-02 14:11:53","0","",
"2016-09-02 14:22:22","0","",
"2016-09-02 14:32:52","0","",
"2016-09-02 14:43:21","0","",
"2016-09-02 14:53:51","0","",
"2016-09-02 15:04:20","0","",
"2016-09-02 15:14:49","0","",
"2016-09-02 15:25:18","0","",
"2016-09-02 15:35:48","0","",
"2016-09-02 15:46:17","0","",
"2016-09-02 15:56:46","0","",
"2016-09-02 16:07:15","0","",
"2016-09-02 16:17:45","0","",
"2016-09-02 16:28:14","0","",
"2016-09-02 16:38:44","0","",
"2016-09-02 16:49:13","0","",
"2016-09-02 16:59:42","0","",
"2016-09-02 17:10:11","0","",
"2016-09-02 17:20:41","0","",
"2016-09-02 17:31:10","0","",
"2016-09-02 17:41:39","0","",
"2016-09-02 17:52:08","0","",
"2016-09-02 18:02:37","0","",
"2016-09-02 18:13:06","0","",
"2016-09-02 18:23:35","0","",
"2016-09-02 18:34:04","0","",
"2016-09-02 18:44:33","0","",
"2016-09-02 18:55:02","0","",
"2016-09-02 19:05:31","0","",
"2016-09-02 19:16:00","0","",
"2016-09-02 19:26:29","0","",
"2016-09-02 19:36:59","0","",
"2016-09-02 19:47:28","0","",
"2016-09-02 19:57:57","0","",
"2016-09-02 20:18:54","0","",
"2016-09-02 20:29:22","0","",
"2016-09-02 20:39:51","0","",
"2016-09-02 20:50:20","0","",
"2016-09-02 21:00:48","0","",
"2016-09-02 21:11:17","0","",
"2016-09-02 21:21:46","0","",
"2016-09-02 21:32:15","0","",
"2016-09-02 21:42:43","0","",
"2016-09-02 21:53:12","0","",
"2016-09-02 22:03:42","0","",
"2016-09-02 22:14:10","0","",
"2016-09-02 22:24:39","0","",
"2016-09-02 22:35:08","0","",
"2016-09-02 22:45:37","0","",
"2016-09-02 22:56:06","0","",
"2016-09-02 23:06:35","0","",
"2016-09-02 23:17:04","0","",
"2016-09-02 23:27:33","0","",
"2016-09-02 23:38:03","0","",
"2016-09-02 23:48:32","0","",
"2016-09-02 23:59:01","0","",
"2016-09-03 00:09:30","0","",
"2016-09-03 00:19:59","0","",
"2016-09-03 00:30:27","0","",
"2016-09-03 00:40:56","0","",
"2016-09-03 00:51:25","0","",
"2016-09-03 01:01:54","0","",
"2016-09-03 01:12:23","0","",
"2016-09-03 01:22:52","0","",
"2016-09-03 01:33:21","0","",
"2016-09-03 01:43:50","0","",
"2016-09-03 01:54:19","0","",
"2016-09-03 02:04:48","0","",
"2016-09-03 02:15:16","0","",
"2016-09-03 02:25:45","0","",
"2016-09-03 02:36:14","0","",
"2016-09-03 02:46:43","0","",
"2016-09-03 02:57:12","0","",
"2016-09-03 03:07:41","0","",
"2016-09-03 03:18:10","0","",
"2016-09-03 03:28:39","0","",
"2016-09-03 03:39:08","0","",
"2016-09-03 03:49:37","0","",
"2016-09-03 04:00:05","0","",
"2016-09-03 04:10:34","0","",
"2016-09-03 04:21:03","0","",
"2016-09-03 04:31:32","0","",
"2016-09-03 04:42:01","0","",
"2016-09-03 04:52:30","0","",
"2016-09-03 05:02:58","0","",
"2016-09-03 05:13:28","0","",
"2016-09-03 05:23:57","0","",
"2016-09-03 05:34:26","0","",
"2016-09-03 05:44:55","0","",
"2016-09-03 05:55:24","0","",
"2016-09-03 06:05:53","0","",
"2016-09-03 06:16:22","0","",
"2016-09-03 06:26:51","0","",
"2016-09-03 06:37:20","0","",
"2016-09-03 06:47:49","0","",
"2016-09-03 06:58:18","0","",
"2016-09-03 07:08:46","0","",
"2016-09-03 07:19:15","0","",
"2016-09-03 07:29:44","0","",
"2016-09-03 07:40:14","0","",
"2016-09-03 07:50:44","0","",
"2016-09-03 08:01:13","0","",
"2016-09-03 08:11:43","0","",
"2016-09-03 08:22:12","0","",
"2016-09-03 08:32:41","0","",
"2016-09-03 08:43:10","0","",
"2016-09-03 08:53:39","0","",
"2016-09-03 09:04:08","0","",
"2016-09-03 09:14:37","0","",
"2016-09-03 09:25:05","0","",
"2016-09-03 09:35:34","0","",
"2016-09-03 09:46:03","0","",
"2016-09-03 09:56:32","0","",
"2016-09-03 10:07:00","0","",
"2016-09-03 10:17:29","0","",
"2016-09-03 10:27:58","0","",
"2016-09-03 10:38:27","0","",
"2016-09-03 10:48:56","0","",
"2016-09-03 10:59:25","0","",
"2016-09-03 11:09:54","0","",
"2016-09-03 11:20:23","0","",
"2016-09-03 11:30:51","0","",
"2016-09-03 11:41:20","0","",
"2016-09-03 11:51:49","0","",
"2016-09-03 12:02:17","0","",
"2016-09-03 12:12:46","0","",
"2016-09-03 12:23:15","0","",
"2016-09-03 12:33:44","0","",
"2016-09-03 12:44:13","0","",
"2016-09-03 12:54:42","0","",
"2016-09-03 13:05:10","0","",
"2016-09-03 13:15:39","0","",
"2016-09-03 13:26:08","0","",
"2016-09-03 13:36:37","0","",
"2016-09-03 13:47:05","0","",
"2016-09-03 13:57:34","0","",
"2016-09-03 14:08:02","0","",
"2016-09-03 14:18:31","0","",
"2016-09-03 14:29:00","0","",
"2016-09-03 14:39:29","0","",
"2016-09-03 14:49:58","0","",
"2016-09-03 15:00:27","0","",
"2016-09-03 15:10:56","0","",
"2016-09-03 15:21:25","0","",
"2016-09-03 15:31:53","0","",
"2016-09-03 15:42:22","0","",
"2016-09-03 15:52:51","0","",
"2016-09-03 16:03:19","0","",
"2016-09-03 16:13:49","0","",
"2016-09-03 16:24:18","0","",
"2016-09-03 16:34:47","0","",
"2016-09-03 16:45:16","0","",
"2016-09-03 16:55:46","0","",
"2016-09-03 17:06:14","0","",
"2016-09-03 17:16:43","0","",
"2016-09-03 17:27:12","0","",
"2016-09-03 17:37:42","0","",
"2016-09-03 17:48:10","0","",
"2016-09-03 17:58:39","0","",
"2016-09-03 18:09:08","0","",
"2016-09-03 18:19:37","0","",
"2016-09-03 18:30:05","0","",
"2016-09-03 18:40:34","0","",
"2016-09-03 18:51:03","0","",
"2016-09-03 19:01:32","0","",
"2016-09-03 19:12:00","0","",
"2016-09-03 19:22:29","0","",
"2016-09-03 19:32:59","0","",
"2016-09-03 19:43:28","0","",
"2016-09-03 19:53:57","0","",
"2016-09-03 20:04:25","0","",
"2016-09-03 20:14:54","0","",
"2016-09-03 20:25:23","0","",
"2016-09-03 20:35:52","0","",
"2016-09-03 20:46:21","0","",
"2016-09-03 20:56:50","0","",
"2016-09-03 21:07:18","0","",
"2016-09-03 21:17:47","0","",
"2016-09-03 21:28:16","0","",
"2016-09-03 21:38:45","0","",
"2016-09-03 21:49:14","0","",
"2016-09-03 21:59:44","0","",
"2016-09-03 22:10:12","0","",
"2016-09-03 22:20:40","0","",
"2016-09-03 22:31:09","0","",
"2016-09-03 22:41:38","0","",
"2016-09-03 22:52:07","0","",
"2016-09-03 23:02:35","0","",
"2016-09-03 23:13:04","0","",
"2016-09-03 23:23:33","0","",
"2016-09-03 23:34:02","0","",
"2016-09-03 23:44:31","0","",
"2016-09-03 23:55:00","0","",
"2016-09-04 00:05:29","0","",
"2016-09-04 00:15:58","0","",
"2016-09-04 00:26:26","0","",
"2016-09-04 00:36:55","0","",
"2016-09-04 00:47:24","0","",
"2016-09-04 00:57:53","0","",
"2016-09-04 01:08:22","0","",
"2016-09-04 01:18:51","0","",
"2016-09-04 01:29:20","0","",
"2016-09-04 01:39:48","0","",
"2016-09-04 01:50:17","0","",
"2016-09-04 02:00:45","0","",
"2016-09-04 02:11:14","0","",
"2016-09-04 02:21:43","0","",
"2016-09-04 02:32:12","0","",
"2016-09-04 02:42:40","0","",
"2016-09-04 02:53:09","0","",
"2016-09-04 03:03:37","0","",
"2016-09-04 03:14:06","0","",
"2016-09-04 03:24:35","0","",
"2016-09-04 03:35:04","0","",
"2016-09-04 03:45:33","0","",
"2016-09-04 03:56:02","0","",
"2016-09-04 04:06:30","0","",
"2016-09-04 04:16:59","0","",
"2016-09-04 04:27:27","0","",
"2016-09-04 04:37:56","0","",
"2016-09-04 04:48:25","0","",
"2016-09-04 04:58:54","0","",
"2016-09-04 05:09:23","0","",
"2016-09-04 05:19:51","0","",
"2016-09-04 05:30:20","0","",
"2016-09-04 05:40:48","0","",
"2016-09-04 05:51:17","0","",
"2016-09-04 06:01:46","0","",
"2016-09-04 06:12:14","0","",
"2016-09-04 06:22:43","0","",
"2016-09-04 06:33:12","0","",
"2016-09-04 06:43:41","0","",
"2016-09-04 06:54:09","0","",
"2016-09-04 07:04:38","0","",
"2016-09-04 07:15:06","0","",
"2016-09-04 07:25:35","0","",
"2016-09-04 07:36:04","0","",
"2016-09-04 07:46:32","0","",
"2016-09-04 07:57:01","0","",
"2016-09-04 08:07:29","0","",
"2016-09-04 08:17:59","0","",
"2016-09-04 08:28:27","0","",
"2016-09-04 08:38:56","0","",
"2016-09-04 08:49:25","0","",
"2016-09-04 08:59:53","0","",
"2016-09-04 09:10:22","0","",
"2016-09-04 09:20:50","0","",
"2016-09-04 09:31:19","0","",
"2016-09-04 09:41:48","0","",
"2016-09-04 09:52:17","0","",
"2016-09-04 10:02:46","0","",
"2016-09-04 10:13:15","0","",
"2016-09-04 10:23:43","0","",
"2016-09-04 10:34:12","0","",
"2016-09-04 10:44:41","0","",
"2016-09-04 10:55:10","0","",
"2016-09-04 11:05:39","0","",
"2016-09-04 11:16:08","0","",
"2016-09-04 11:26:37","0","",
"2016-09-04 11:37:06","0","",
"2016-09-04 11:47:34","0","",
"2016-09-04 11:58:03","0","",
"2016-09-04 12:08:32","0","",
"2016-09-04 12:19:02","0","",
"2016-09-04 12:29:31","0","",
"2016-09-04 12:40:00","0","",
"2016-09-04 12:50:29","0","",
"2016-09-04 13:00:58","0","",
"2016-09-04 13:11:28","0","",
"2016-09-04 13:21:57","0","",
"2016-09-04 13:32:26","0","",
"2016-09-04 13:42:55","0","",
"2016-09-04 13:53:24","0","",
"2016-09-04 14:03:52","0","",
"2016-09-04 14:14:21","0","",
"2016-09-04 14:24:50","0","",
"2016-09-04 14:35:18","0","",
"2016-09-04 15:06:44","0","",
"2016-09-04 15:17:13","0","",
"2016-09-04 15:27:41","0","",
"2016-09-04 15:38:10","0","",
"2016-09-04 15:48:39","0","",
"2016-09-04 15:59:07","0","",
"2016-09-04 16:09:35","0","",
"2016-09-04 16:20:04","0","",
"2016-09-04 16:30:33","0","",
"2016-09-04 16:41:01","0","",
"2016-09-04 16:51:30","0","",
"2016-09-04 17:01:58","0","",
"2016-09-04 17:12:26","0","",
"2016-09-04 17:22:55","0","",
"2016-09-04 17:33:24","0","",
"2016-09-04 17:43:53","0","",
"2016-09-04 17:54:22","0","",
"2016-09-04 18:04:49","0","",
"2016-09-04 18:15:18","0","",
"2016-09-04 18:25:47","0","",
"2016-09-04 18:36:15","0","",
"2016-09-04 18:46:44","0","",
"2016-09-04 18:57:12","0","",
"2016-09-04 19:07:42","0","",
"2016-09-04 19:18:11","0","",
"2016-09-04 19:28:39","0","",
"2016-09-04 19:39:07","0","",
"2016-09-04 19:49:35","0","",
"2016-09-04 20:00:03","0","",
"2016-09-04 20:10:31","0","",
"2016-09-04 20:21:00","0","",
"2016-09-04 20:31:28","0","",
"2016-09-04 20:41:56","0","",
"2016-09-04 20:52:25","0","",
"2016-09-04 21:02:53","0","",
"2016-09-04 21:13:21","0","",
"2016-09-04 21:23:50","0","",
"2016-09-04 21:34:19","0","",
"2016-09-04 21:44:47","0","",
"2016-09-04 21:55:16","0","",
"2016-09-04 22:05:45","0","",
"2016-09-04 22:26:42","0","",
"2016-09-04 22:37:10","0","",
"2016-09-04 22:47:39","0","",
"2016-09-04 22:58:07","0","",
"2016-09-04 23:08:35","0","",
"2016-09-04 23:19:03","0","",
"2016-09-04 23:29:32","0","",
"2016-09-04 23:40:00","0","",
"2016-09-04 23:50:28","0","",
"2016-09-05 00:00:57","0","",
"2016-09-05 00:11:26","0","",
"2016-09-05 00:21:54","0","",
"2016-09-05 00:32:23","0","",
"2016-09-05 00:42:52","0","",
"2016-09-05 00:53:21","0","",
"2016-09-05 01:03:50","0","",
"2016-09-05 01:14:19","0","",
"2016-09-05 01:24:47","0","",
"2016-09-05 01:35:16","0","",
"2016-09-05 01:45:44","0","",
"2016-09-05 01:56:13","0","",
"2016-09-05 02:06:41","0","",
"2016-09-05 02:17:10","0","",
"2016-09-05 02:27:39","0","",
"2016-09-05 02:38:08","0","",
"2016-09-05 02:48:36","0","",
"2016-09-05 02:59:05","0","",
"2016-09-05 03:09:34","0","",
"2016-09-05 03:20:02","0","",
"2016-09-05 03:30:31","0","",
"2016-09-05 03:40:59","0","",
"2016-09-05 03:51:28","0","",
"2016-09-05 04:01:57","0","",
"2016-09-05 04:12:26","0","",
"2016-09-05 04:22:55","0","",
"2016-09-05 04:33:24","0","",
"2016-09-05 04:43:52","0","",
"2016-09-05 04:54:21","0","",
"2016-09-05 05:04:50","0","",
"2016-09-05 05:15:19","0","",
"2016-09-05 05:25:48","0","",
"2016-09-05 05:36:17","0","",
"2016-09-05 05:46:45","0","",
"2016-09-05 05:57:14","0","",
"2016-09-05 06:07:42","0","",
"2016-09-05 06:18:10","0","",
"2016-09-05 06:28:39","0","",
"2016-09-05 06:39:07","0","",
"2016-09-05 06:49:36","0","",
"2016-09-05 07:00:04","0","",
"2016-09-05 07:10:33","0","",
"2016-09-05 07:21:02","0","",
"2016-09-05 07:31:31","0","",
"2016-09-05 07:42:00","0","",
"2016-09-05 07:52:28","0","",
"2016-09-05 08:02:57","0","",
"2016-09-05 08:13:26","0","",
"2016-09-05 08:23:55","0","",
"2016-09-05 08:34:24","0","",
"2016-09-05 08:44:52","0","",
"2016-09-05 08:55:20","0","",
"2016-09-05 09:05:50","0","",
"2016-09-05 09:16:18","0","",
"2016-09-05 09:26:47","0","",
"2016-09-05 09:37:15","0","",
"2016-09-05 09:47:44","0","",
"2016-09-05 09:58:13","0","",
"2016-09-05 10:08:42","0","",
"2016-09-05 10:19:10","0","",
"2016-09-05 10:29:39","0","",
"2016-09-05 10:40:07","0","",
"2016-09-05 10:50:36","0","",
"2016-09-05 11:01:04","0","",
"2016-09-05 11:11:33","0","",
"2016-09-05 11:22:01","0","",
"2016-09-05 11:32:30","0","",
"2016-09-05 11:42:58","0","",
"2016-09-05 11:53:26","0","",
"2016-09-05 12:03:54","0","",
"2016-09-05 12:14:23","0","",
"2016-09-05 12:24:51","0","",
"2016-09-05 12:35:20","0","",
"2016-09-05 12:45:48","0","",
"2016-09-05 12:56:16","0","",
"2016-09-05 13:06:45","0","",
"2016-09-05 13:17:13","0","",
"2016-09-05 13:27:42","0","",
"2016-09-05 13:38:10","0","",
"2016-09-05 13:48:38","0","",
"2016-09-05 13:59:07","0","",
"2016-09-05 14:09:34","0","",
"2016-09-05 14:20:02","0","",
"2016-09-05 14:30:31","0","",
"2016-09-05 14:40:59","0","",
"2016-09-05 14:51:27","0","",
"2016-09-05 15:01:55","0","",
"2016-09-05 15:12:23","0","",
"2016-09-05 15:22:51","0","",
"2016-09-05 15:33:19","0","",
"2016-09-05 15:43:47","0","",
"2016-09-05 15:54:16","0","",
"2016-09-05 16:04:44","0","",
"2016-09-05 16:15:12","0","",
"2016-09-05 16:25:41","0","",
"2016-09-05 16:36:10","0","",
"2016-09-05 16:46:38","0","",
"2016-09-05 16:57:06","0","",
"2016-09-05 17:07:34","0","",
"2016-09-05 17:18:02","0","",
"2016-09-05 17:28:30","0","",
"2016-09-05 17:38:59","0","",
"2016-09-05 17:49:28","0","",
"2016-09-05 17:59:56","0","",
"2016-09-05 18:10:24","0","",
"2016-09-05 18:20:52","0","",
"2016-09-05 18:31:21","0","",
"2016-09-05 18:41:49","0","",
"2016-09-05 18:52:17","0","",
"2016-09-05 19:02:45","0","",
"2016-09-05 19:13:14","0","",
"2016-09-05 19:23:42","0","",
"2016-09-05 19:34:11","0","",
"2016-09-05 19:44:39","0","",
"2016-09-05 19:55:08","0","",
"2016-09-05 20:05:36","0","",
"2016-09-05 20:16:04","0","",
"2016-09-05 20:26:33","0","",
"2016-09-05 20:37:01","0","",
"2016-09-05 20:47:30","0","",
"2016-09-05 20:57:58","0","",
"2016-09-05 21:08:26","0","",
"2016-09-05 21:18:54","0","",
"2016-09-05 21:20:09","1","",
"2016-09-05 21:22:03","0","",
"2016-09-05 21:32:32","0","",
"2016-09-05 21:43:01","0","",
"2016-09-05 21:53:30","0","",
"2016-09-05 22:03:58","0","",
"2016-09-05 22:14:26","0","",
"2016-09-05 22:24:55","0","",
"2016-09-05 22:35:23","0","",
"2016-09-05 22:45:52","0","",
"2016-09-05 22:56:20","0","",
"2016-09-05 23:06:48","0","",
"2016-09-05 23:17:17","0","",
"2016-09-05 23:27:45","0","",
"2016-09-05 23:38:13","0","",
"2016-09-05 23:48:41","0","",
"2016-09-05 23:59:10","0","",
"2016-09-06 00:09:38","0","",
"2016-09-06 00:20:06","0","",
"2016-09-06 00:30:34","0","",
"2016-09-06 00:41:03","0","",
"2016-09-06 00:51:31","0","",
"2016-09-06 01:01:59","0","",
"2016-09-06 01:12:27","0","",
"2016-09-06 01:22:55","0","",
"2016-09-06 01:33:24","0","",
"2016-09-06 01:43:52","0","",
"2016-09-06 01:54:20","0","",
"2016-09-06 02:04:48","0","",
"2016-09-06 02:15:16","0","",
"2016-09-06 02:25:44","0","",
"2016-09-06 02:36:13","0","",
"2016-09-06 02:46:41","0","",
"2016-09-06 02:57:09","0","",
"2016-09-06 03:07:38","0","",
"2016-09-06 03:18:07","0","",
"2016-09-06 03:28:36","0","",
"2016-09-06 03:39:05","0","",
"2016-09-06 03:49:33","0","",
"2016-09-06 04:00:02","0","",
"2016-09-06 04:10:30","0","",
"2016-09-06 04:20:59","0","",
"2016-09-06 04:31:27","0","",
"2016-09-06 04:41:55","0","",
"2016-09-06 04:52:24","0","",
"2016-09-06 05:02:52","0","",
"2016-09-06 05:13:21","0","",
"2016-09-06 05:23:50","0","",
"2016-09-06 05:34:19","0","",
"2016-09-06 05:44:48","0","",
"2016-09-06 05:55:17","0","",
"2016-09-06 06:05:45","0","",
"2016-09-06 06:16:14","0","",
"2016-09-06 06:26:43","0","",
"2016-09-06 06:37:12","0","",
"2016-09-06 06:47:41","0","",
"2016-09-06 06:58:10","0","",
"2016-09-06 07:08:38","0","",
"2016-09-06 07:19:07","0","",
"2016-09-06 07:29:36","0","",
"2016-09-06 07:40:05","0","",
"2016-09-06 07:50:33","0","",
"2016-09-06 08:01:02","0","",
"2016-09-06 08:11:30","0","",
"2016-09-06 08:21:59","0","",
"2016-09-06 08:32:27","0","",
"2016-09-06 08:42:56","0","",
"2016-09-06 08:53:24","0","",
"2016-09-06 09:03:52","0","",
"2016-09-06 09:14:21","0","",
"2016-09-06 09:24:50","0","",
"2016-09-06 09:35:18","0","",
"2016-09-06 09:45:47","0","",
"2016-09-06 09:56:16","0","",
"2016-09-06 10:06:43","0","",
"2016-09-06 10:17:12","0","",
"2016-09-06 10:27:40","0","",
"2016-09-06 10:38:09","0","",
"2016-09-06 10:48:38","0","",
"2016-09-06 10:59:07","0","",
"2016-09-06 11:09:35","0","",
"2016-09-06 11:20:04","0","",
"2016-09-06 11:30:33","0","",
"2016-09-06 11:41:02","0","",
"2016-09-06 11:51:30","0","",
"2016-09-06 12:01:59","0","",
"2016-09-06 12:12:27","0","",
"2016-09-06 12:22:56","0","",
"2016-09-06 12:33:24","0","",
"2016-09-06 12:43:53","0","",
"2016-09-06 12:54:21","0","",
"2016-09-06 13:04:49","0","",
"2016-09-06 13:15:17","0","",
"2016-09-06 13:25:45","0","",
"2016-09-06 13:36:14","0","",
"2016-09-06 13:46:41","0","",
"2016-09-06 13:57:10","0","",
"2016-09-06 14:07:39","0","",
"2016-09-06 14:18:07","0","",
"2016-09-06 14:28:36","0","",
"2016-09-06 14:39:04","0","",
"2016-09-06 14:49:32","0","",
"2016-09-06 15:00:00","0","",
"2016-09-06 15:10:29","0","",
"2016-09-06 15:20:58","0","",
"2016-09-06 15:31:28","0","",
"2016-09-06 15:41:56","0","",
"2016-09-06 15:52:24","0","",
"2016-09-06 16:02:53","0","",
"2016-09-06 16:13:21","0","",
"2016-09-06 16:23:49","0","",
"2016-09-06 16:34:18","0","",
"2016-09-06 16:44:47","0","",
"2016-09-06 16:55:15","0","",
"2016-09-06 17:05:44","0","",
"2016-09-06 17:16:13","0","",
"2016-09-06 17:26:42","0","",
"2016-09-06 17:37:10","0","",
"2016-09-06 17:47:38","0","",
"2016-09-06 17:58:06","0","",
"2016-09-06 18:08:34","0","",
"2016-09-06 18:19:02","0","",
"2016-09-06 18:29:30","0","",
"2016-09-06 18:39:59","0","",
"2016-09-06 18:50:27","0","",
"2016-09-06 19:00:55","0","",
"2016-09-06 19:11:23","0","",
"2016-09-06 19:21:51","0","",
"2016-09-06 19:32:20","0","",
"2016-09-06 19:42:48","0","",
"2016-09-06 19:53:16","0","",
"2016-09-06 20:03:45","0","",
"2016-09-06 20:14:14","0","",
"2016-09-06 20:24:42","0","",
"2016-09-06 20:35:10","0","",
"2016-09-06 20:45:38","0","",
"2016-09-06 20:56:07","0","",
"2016-09-06 21:06:35","0","",
"2016-09-06 21:17:03","0","",
"2016-09-06 21:27:32","0","",
"2016-09-06 21:38:00","0","",
"2016-09-06 21:48:29","0","",
"2016-09-06 21:58:57","0","",
"2016-09-06 22:09:25","0","",
"2016-09-06 22:19:54","0","",
"2016-09-06 22:30:22","0","",
"2016-09-06 22:40:50","0","",
"2016-09-06 22:51:19","0","",
"2016-09-06 23:01:48","0","",
"2016-09-06 23:12:16","0","",
"2016-09-06 23:22:45","0","",
"2016-09-06 23:33:14","0","",
"2016-09-06 23:43:42","0","",
"2016-09-06 23:54:11","0","",
"2016-09-07 00:04:39","0","",
"2016-09-07 00:15:08","0","",
"2016-09-07 00:25:36","0","",
"2016-09-07 00:36:05","0","",
"2016-09-07 00:46:33","0","",
"2016-09-07 00:57:02","0","",
"2016-09-07 01:07:31","0","",
"2016-09-07 01:18:00","0","",
"2016-09-07 01:28:29","0","",
"2016-09-07 01:38:57","0","",
"2016-09-07 01:49:26","0","",
"2016-09-07 01:59:55","0","",
"2016-09-07 02:10:23","0","",
"2016-09-07 02:20:52","0","",
"2016-09-07 02:31:21","0","",
"2016-09-07 02:41:50","0","",
"2016-09-07 02:52:19","0","",
"2016-09-07 03:02:48","0","",
"2016-09-07 03:13:17","0","",
"2016-09-07 03:23:46","0","",
"2016-09-07 03:34:15","0","",
"2016-09-07 03:44:44","0","",
"2016-09-07 03:55:13","0","",
"2016-09-07 04:05:42","0","",
"2016-09-07 04:16:11","0","",
"2016-09-07 04:26:41","0","",
"2016-09-07 04:37:10","0","",
"2016-09-07 04:47:39","0","",
"2016-09-07 04:58:08","0","",
"2016-09-07 05:08:37","0","",
"2016-09-07 05:19:06","0","",
"2016-09-07 05:29:35","0","",
"2016-09-07 05:40:04","0","",
"2016-09-07 05:50:33","0","",
"2016-09-07 06:01:02","0","",
"2016-09-07 06:11:30","0","",
"2016-09-07 06:21:59","0","",
"2016-09-07 06:32:28","0","",
"2016-09-07 06:42:57","0","",
"2016-09-07 06:53:26","0","",
"2016-09-07 07:03:55","0","",
"2016-09-07 07:14:24","0","",
"2016-09-07 07:24:52","0","",
"2016-09-07 07:35:21","0","",
"2016-09-07 07:45:51","0","",
"2016-09-07 07:56:19","0","",
"2016-09-07 08:06:49","0","",
"2016-09-07 08:17:19","0","",
"2016-09-07 08:27:49","0","",
"2016-09-07 08:38:18","0","",
"2016-09-07 08:48:47","0","",
"2016-09-07 08:59:16","0","",
"2016-09-07 09:09:45","0","",
"2016-09-07 09:20:13","0","",
"2016-09-07 09:30:42","0","",
"2016-09-07 09:41:11","0","",
"2016-09-07 09:51:39","0","",
"2016-09-07 10:02:07","0","",
"2016-09-07 10:12:36","0","",
"2016-09-07 10:23:05","0","",
"2016-09-07 10:33:33","0","",
"2016-09-07 10:44:02","0","",
"2016-09-07 10:54:31","0","",
"2016-09-07 11:05:00","0","",
"2016-09-07 11:08:35","1","",
"2016-09-07 11:10:29","0","",
"2016-09-07 11:20:58","0","",
"2016-09-07 11:31:26","0","",
"2016-09-07 11:33:43","1","",
"2016-09-07 11:34:47","1","",
"2016-09-07 11:36:41","0","",
"2016-09-07 11:47:10","0","",
"2016-09-07 11:57:39","0","",
"2016-09-07 12:08:07","0","",
"2016-09-07 12:18:36","0","",
"2016-09-07 12:29:05","0","",
"2016-09-07 12:39:34","0","",
"2016-09-07 12:50:03","0","",
"2016-09-07 13:00:32","0","",
"2016-09-07 13:11:01","0","",
"2016-09-07 13:21:30","0","",
"2016-09-07 13:31:59","0","",
"2016-09-07 13:42:27","0","",
"2016-09-07 13:52:56","0","",
"2016-09-07 14:03:25","0","",
"2016-09-07 14:13:54","0","",
"2016-09-07 14:24:22","0","",
"2016-09-07 14:34:51","0","",
"2016-09-07 14:45:20","0","",
"2016-09-07 14:55:49","0","",
"2016-09-07 15:06:17","0","",
"2016-09-07 15:16:46","0","",
"2016-09-07 15:27:14","0","",
"2016-09-07 15:37:43","0","",
"2016-09-07 15:48:12","0","",
"2016-09-07 15:58:41","0","",
"2016-09-07 16:09:09","0","",
"2016-09-07 16:19:38","0","",
"2016-09-07 16:30:07","0","",
"2016-09-07 16:40:35","0","",
"2016-09-07 16:51:04","0","",
"2016-09-07 17:01:32","0","",
"2016-09-07 17:12:01","0","",
"2016-09-07 17:22:30","0","",
"2016-09-07 17:32:58","0","",
"2016-09-07 17:43:27","0","",
"2016-09-07 17:53:56","0","",
"2016-09-07 18:04:24","0","",
"2016-09-07 18:14:53","0","",
"2016-09-07 18:25:22","0","",
"2016-09-07 18:35:51","0","",
"2016-09-07 18:46:19","0","",
"2016-09-07 18:56:48","0","",
"2016-09-07 19:07:18","0","",
"2016-09-07 19:17:46","0","",
"2016-09-07 19:28:15","0","",
"2016-09-07 19:38:44","0","",
"2016-09-07 19:49:13","0","",
"2016-09-07 19:59:42","0","",
"2016-09-07 20:10:10","0","",
"2016-09-07 20:20:39","0","",
"2016-09-07 20:31:08","0","",
"2016-09-07 20:41:37","0","",
"2016-09-07 20:52:06","0","",
"2016-09-07 21:02:34","0","",
"2016-09-07 21:13:03","0","",
"2016-09-07 21:23:32","0","",
"2016-09-07 21:34:02","0","",
"2016-09-07 21:44:30","0","",
"2016-09-07 21:54:59","0","",
"2016-09-07 22:05:27","0","",
"2016-09-07 22:15:56","0","",
"2016-09-07 22:26:25","0","",
"2016-09-07 22:36:54","0","",
"2016-09-07 22:47:23","0","",
"2016-09-07 22:57:51","0","",
"2016-09-07 23:08:21","0","",
"2016-09-07 23:18:50","0","",
"2016-09-07 23:29:19","0","",
"2016-09-07 23:39:47","0","",
"2016-09-07 23:50:16","0","",
"2016-09-08 00:00:44","0","",
"2016-09-08 00:11:12","0","",
"2016-09-08 00:21:41","0","",
"2016-09-08 00:32:10","0","",
"2016-09-08 00:42:38","0","",
"2016-09-08 00:53:07","0","",
"2016-09-08 01:03:35","0","",
"2016-09-08 01:14:04","0","",
"2016-09-08 01:24:33","0","",
"2016-09-08 01:35:02","0","",
"2016-09-08 01:45:31","0","",
"2016-09-08 01:56:00","0","",
"2016-09-08 02:06:29","0","",
"2016-09-08 02:16:58","0","",
"2016-09-08 02:27:26","0","",
"2016-09-08 02:37:55","0","",
"2016-09-08 02:48:24","0","",
"2016-09-08 02:58:53","0","",
"2016-09-08 03:09:21","0","",
"2016-09-08 03:19:50","0","",
"2016-09-08 03:30:18","0","",
"2016-09-08 03:40:47","0","",
"2016-09-08 03:51:15","0","",
"2016-09-08 04:01:45","0","",
"2016-09-08 04:12:13","0","",
"2016-09-08 04:22:42","0","",
"2016-09-08 04:33:10","0","",
"2016-09-08 04:43:39","0","",
"2016-09-08 04:54:08","0","",
"2016-09-08 05:04:37","0","",
"2016-09-08 05:15:06","0","",
"2016-09-08 05:25:35","0","",
"2016-09-08 05:36:04","0","",
"2016-09-08 05:46:32","0","",
"2016-09-08 05:57:01","0","",
"2016-09-08 06:07:29","0","",
"2016-09-08 06:17:58","0","",
"2016-09-08 06:28:27","0","",
"2016-09-08 06:38:55","0","",
"2016-09-08 06:49:24","0","",
"2016-09-08 06:59:53","0","",
"2016-09-08 07:10:22","0","",
"2016-09-08 07:20:51","0","",
"2016-09-08 07:31:20","0","",
"2016-09-08 07:41:49","0","",
"2016-09-08 07:52:18","0","",
"2016-09-08 08:02:47","0","",
"2016-09-08 08:13:16","0","",
"2016-09-08 08:23:45","0","",
"2016-09-08 08:34:14","0","",
"2016-09-08 08:44:43","0","",
"2016-09-08 08:55:12","0","",
"2016-09-08 09:05:42","0","",
"2016-09-08 09:16:11","0","",
"2016-09-08 09:26:40","0","",
"2016-09-08 09:37:08","0","",
"2016-09-08 09:47:37","0","",
"2016-09-08 09:58:05","0","",
"2016-09-08 10:08:35","0","",
"2016-09-08 10:19:03","0","",
"2016-09-08 10:29:32","0","",
"2016-09-08 10:40:01","0","",
"2016-09-08 10:50:29","0","",
"2016-09-08 11:00:58","0","",
"2016-09-08 11:11:27","0","",
"2016-09-08 11:21:56","0","",
"2016-09-08 11:32:25","0","",
"2016-09-08 11:42:55","0","",
"2016-09-08 11:53:24","0","",
"2016-09-08 12:03:53","0","",
"2016-09-08 12:14:22","0","",
"2016-09-08 12:24:51","0","",
"2016-09-08 12:35:20","0","",
"2016-09-08 12:40:27","1","",
"2016-09-08 12:42:22","0","",
"2016-09-08 12:42:46","1","",
"2016-09-08 12:43:59","1","",
"2016-09-08 12:44:58","1","",
"2016-09-08 12:46:53","0","",
"2016-09-08 12:54:53","1","",
"2016-09-08 12:56:47","0","",
"2016-09-08 13:07:16","0","",
"2016-09-08 13:07:34","1","",
"2016-09-08 13:09:28","0","",
"2016-09-08 13:11:53","1","",
"2016-09-08 13:13:48","0","",
"2016-09-08 13:24:17","0","",
"2016-09-08 13:45:15","0","",
"2016-09-08 13:55:44","0","",
"2016-09-08 14:06:13","0","",
"2016-09-08 14:16:42","0","",
"2016-09-08 14:27:10","0","",
"2016-09-08 14:37:39","0","",
"2016-09-08 14:48:08","0","",
"2016-09-08 14:58:38","0","",
"2016-09-08 15:09:07","0","",
"2016-09-08 15:19:36","0","",
"2016-09-08 15:30:06","0","",
"2016-09-08 15:40:35","0","",
"2016-09-08 15:51:04","0","",
"2016-09-08 16:01:32","0","",
"2016-09-08 16:12:01","0","",
"2016-09-08 16:22:31","0","",
"2016-09-08 16:33:00","0","",
"2016-09-08 16:43:30","0","",
"2016-09-08 16:53:59","0","",
"2016-09-08 17:04:28","0","",
"2016-09-08 17:14:57","0","",
"2016-09-08 17:25:26","0","",
"2016-09-08 17:35:55","0","",
"2016-09-08 17:46:24","0","",
"2016-09-08 17:56:53","0","",
"2016-09-08 18:07:22","0","",
"2016-09-08 18:17:51","0","",
"2016-09-08 18:28:20","0","",
"2016-09-08 18:38:50","0","",
"2016-09-08 18:49:19","0","",
"2016-09-08 18:59:48","0","",
"2016-09-08 19:10:16","0","",
"2016-09-08 19:20:45","0","",
"2016-09-08 19:31:14","0","",
"2016-09-08 19:41:43","0","",
"2016-09-08 19:52:13","0","",
"2016-09-08 20:02:41","0","",
"2016-09-08 20:13:11","0","",
"2016-09-08 20:23:40","0","",
"2016-09-08 20:34:09","0","",
"2016-09-08 20:44:39","0","",
"2016-09-08 20:55:08","0","",
"2016-09-08 21:05:37","0","",
"2016-09-08 21:16:06","0","",
"2016-09-08 21:26:35","0","",
"2016-09-08 21:37:04","0","",
"2016-09-08 21:47:34","0","",
"2016-09-08 21:58:02","0","",
"2016-09-08 22:08:31","0","",
"2016-09-08 22:19:00","0","",
"2016-09-08 22:29:29","0","",
"2016-09-08 22:39:58","0","",
"2016-09-08 22:50:27","0","",
"2016-09-08 23:00:57","0","",
"2016-09-08 23:11:26","0","",
"2016-09-08 23:21:55","0","",
"2016-09-08 23:32:24","0","",
"2016-09-08 23:42:53","0","",
"2016-09-09 00:03:50","0","",
"2016-09-09 00:14:19","0","",
"2016-09-09 00:24:48","0","",
"2016-09-09 00:35:17","0","",
"2016-09-09 00:45:45","0","",
"2016-09-09 00:56:15","0","",
"2016-09-09 01:06:43","0","",
"2016-09-09 01:17:12","0","",
"2016-09-09 01:27:41","0","",
"2016-09-09 01:38:10","0","",
"2016-09-09 01:48:39","0","",
"2016-09-09 01:59:08","0","",
"2016-09-09 02:09:36","0","",
"2016-09-09 02:20:05","0","",
"2016-09-09 02:30:34","0","",
"2016-09-09 02:41:04","0","",
"2016-09-09 02:51:32","0","",
"2016-09-09 03:02:01","0","",
"2016-09-09 03:12:29","0","",
"2016-09-09 03:22:58","0","",
"2016-09-09 03:33:27","0","",
"2016-09-09 03:43:56","0","",
"2016-09-09 03:54:24","0","",
"2016-09-09 04:04:53","0","",
"2016-09-09 04:15:21","0","",
"2016-09-09 04:25:51","0","",
"2016-09-09 04:36:20","0","",
"2016-09-09 04:46:49","0","",
"2016-09-09 04:57:18","0","",
"2016-09-09 05:07:47","0","",
"2016-09-09 05:18:16","0","",
"2016-09-09 05:28:45","0","",
"2016-09-09 05:39:15","0","",
"2016-09-09 05:49:44","0","",
"2016-09-09 06:00:13","0","",
"2016-09-09 06:10:43","0","",
"2016-09-09 06:21:12","0","",
"2016-09-09 06:31:41","0","",
"2016-09-09 06:42:11","0","",
"2016-09-09 06:52:41","0","",
"2016-09-09 07:03:09","0","",
"2016-09-09 07:13:38","0","",
"2016-09-09 07:24:08","0","",
"2016-09-09 07:34:36","0","",
"2016-09-09 07:45:06","0","",
"2016-09-09 07:55:35","0","",
"2016-09-09 08:06:03","0","",
"2016-09-09 08:16:33","0","",
"2016-09-09 08:27:02","0","",
"2016-09-09 08:37:31","0","",
"2016-09-09 08:47:59","0","",
"2016-09-09 08:58:29","0","",
"2016-09-09 09:08:58","0","",
"2016-09-09 09:19:27","0","",
"2016-09-09 09:29:56","0","",
"2016-09-09 09:40:25","0","",
"2016-09-09 09:50:55","0","",
"2016-09-09 10:01:25","0","",
"2016-09-09 10:11:54","0","",
"2016-09-09 10:22:24","0","",
"2016-09-09 10:32:53","0","",
"2016-09-09 10:43:22","0","",
"2016-09-09 10:53:52","0","",
"2016-09-09 11:04:21","0","",
"2016-09-09 11:14:50","0","",
"2016-09-09 11:25:19","0","",
"2016-09-09 11:35:48","0","",
"2016-09-09 11:46:17","0","",
"2016-09-09 11:56:47","0","",
"2016-09-09 12:07:17","0","",
"2016-09-09 12:17:46","0","",
"2016-09-09 12:28:15","0","",
"2016-09-09 12:38:44","0","",
"2016-09-09 12:49:13","0","",
"2016-09-09 12:59:42","0","",
"2016-09-09 13:10:11","0","",
"2016-09-09 13:20:41","0","",
"2016-09-09 13:31:10","0","",
"2016-09-09 13:41:39","0","",
"2016-09-09 13:52:08","0","",
"2016-09-09 14:02:37","0","",
"2016-09-09 14:13:06","0","",
"2016-09-09 14:23:36","0","",
"2016-09-09 14:34:05","0","",
"2016-09-09 14:44:33","0","",
"2016-09-09 14:55:02","0","",
"2016-09-09 15:05:31","0","",
"2016-09-09 15:16:00","0","",
"2016-09-09 15:26:29","0","",
"2016-09-09 15:36:58","0","",
"2016-09-09 15:47:27","0","",
"2016-09-09 15:57:56","0","",
"2016-09-09 16:08:25","0","",
"2016-09-09 16:18:54","0","",
"2016-09-09 16:29:23","0","",
"2016-09-09 16:39:53","0","",
"2016-09-09 16:50:22","0","",
"2016-09-09 17:00:51","0","",
"2016-09-09 17:11:20","0","",
"2016-09-09 17:21:48","0","",
"2016-09-09 17:32:17","0","",
"2016-09-09 17:42:46","0","",
"2016-09-09 17:53:15","0","",
"2016-09-09 18:03:44","0","",
"2016-09-09 18:14:12","0","",
"2016-09-09 18:24:41","0","",
"2016-09-09 18:35:10","0","",
"2016-09-09 18:45:39","0","",
"2016-09-09 18:56:09","0","",
"2016-09-09 19:06:38","0","",
"2016-09-09 19:17:07","0","",
"2016-09-09 19:27:37","0","",
"2016-09-09 19:38:06","0","",
"2016-09-09 19:48:35","0","",
"2016-09-09 19:59:04","0","",
"2016-09-09 20:09:34","0","",
"2016-09-09 20:20:03","0","",
"2016-09-09 20:30:32","0","",
"2016-09-09 20:41:01","0","",
"2016-09-09 20:51:31","0","",
"2016-09-09 21:02:00","0","",
"2016-09-09 21:12:29","0","",
"2016-09-09 21:22:58","0","",
"2016-09-09 21:33:26","0","",
"2016-09-09 21:43:55","0","",
"2016-09-09 21:54:24","0","",
"2016-09-09 22:04:53","0","",
"2016-09-09 22:15:22","0","",
"2016-09-09 22:25:51","0","",
"2016-09-09 22:36:20","0","",
"2016-09-09 22:46:49","0","",
"2016-09-09 22:57:18","0","",
"2016-09-09 23:07:47","0","",
"2016-09-09 23:18:16","0","",
"2016-09-09 23:28:45","0","",
"2016-09-09 23:39:14","0","",
"2016-09-09 23:49:43","0","",
"2016-09-10 00:00:12","0","",
"2016-09-10 00:10:41","0","",
"2016-09-10 00:21:11","0","",
"2016-09-10 00:31:40","0","",
"2016-09-10 00:42:09","0","",
"2016-09-10 00:52:38","0","",
"2016-09-10 01:03:07","0","",
"2016-09-10 01:13:36","0","",
"2016-09-10 01:24:05","0","",
"2016-09-10 01:34:34","0","",
"2016-09-10 01:45:03","0","",
"2016-09-10 01:55:32","0","",
"2016-09-10 02:06:01","0","",
"2016-09-10 02:16:30","0","",
"2016-09-10 02:26:59","0","",
"2016-09-10 02:37:28","0","",
"2016-09-10 02:47:58","0","",
"2016-09-10 02:58:27","0","",
"2016-09-10 03:08:56","0","",
"2016-09-10 03:19:25","0","",
"2016-09-10 03:29:55","0","",
"2016-09-10 03:40:24","0","",
"2016-09-10 03:50:54","0","",
"2016-09-10 04:01:23","0","",
"2016-09-10 04:11:52","0","",
"2016-09-10 04:22:22","0","",
"2016-09-10 04:32:52","0","",
"2016-09-10 04:43:21","0","",
"2016-09-10 04:53:50","0","",
"2016-09-10 05:04:20","0","",
"2016-09-10 05:14:49","0","",
"2016-09-10 05:25:19","0","",
"2016-09-10 05:35:48","0","",
"2016-09-10 05:46:17","0","",
"2016-09-10 05:56:47","0","",
"2016-09-10 06:07:16","0","",
"2016-09-10 06:17:45","0","",
"2016-09-10 06:28:14","0","",
"2016-09-10 06:38:44","0","",
"2016-09-10 06:49:14","0","",
"2016-09-10 06:59:43","0","",
"2016-09-10 07:10:13","0","",
"2016-09-10 07:20:43","0","",
"2016-09-10 07:31:13","0","",
"2016-09-10 07:41:42","0","",
"2016-09-10 07:52:12","0","",
"2016-09-10 08:02:42","0","",
"2016-09-10 08:13:12","0","",
"2016-09-10 08:23:42","0","",
"2016-09-10 08:34:12","0","",
"2016-09-10 08:44:42","0","",
"2016-09-10 08:55:11","0","",
"2016-09-10 09:05:41","0","",
"2016-09-10 09:16:11","0","",
"2016-09-10 09:26:40","0","",
"2016-09-10 09:37:09","0","",
"2016-09-10 09:47:38","0","",
"2016-09-10 09:58:08","0","",
"2016-09-10 10:08:37","0","",
"2016-09-10 10:19:06","0","",
"2016-09-10 10:29:35","0","",
"2016-09-10 10:40:04","0","",
"2016-09-10 10:50:33","0","",
"2016-09-10 11:01:02","0","",
"2016-09-10 11:11:32","0","",
"2016-09-10 11:21:05","1","",
"2016-09-10 11:22:59","0","",
"2016-09-10 11:24:20","1","",
"2016-09-10 11:25:18","1","",
"2016-09-10 11:26:15","1","",
"2016-09-10 11:27:30","1","",
"2016-09-10 11:29:02","1","",
"2016-09-10 11:30:27","1","",
"2016-09-10 11:31:34","1","",
"2016-09-10 11:32:34","1","",
"2016-09-10 11:33:31","1","",
"2016-09-10 11:34:36","1","",
"2016-09-10 11:35:38","1","",
"2016-09-10 11:37:23","1","",
"2016-09-10 11:38:37","1","",
"2016-09-10 11:40:17","1","",
"2016-09-10 11:41:18","1","",
"2016-09-10 11:42:22","1","",
"2016-09-10 11:43:44","1","",
"2016-09-10 11:45:24","1","",
"2016-09-10 11:46:32","1","",
"2016-09-10 11:48:27","0","",
"2016-09-10 11:58:57","0","",
"2016-09-10 12:09:26","0","",
"2016-09-10 12:19:55","0","",
"2016-09-10 12:30:25","0","",
"2016-09-10 12:35:17","1","",
"2016-09-10 12:37:11","0","",
"2016-09-10 12:37:36","1","",
"2016-09-10 12:38:36","1","",
"2016-09-10 12:39:43","1","",
"2016-09-10 12:41:37","0","",
"2016-09-10 12:41:50","1","",
"2016-09-10 12:42:55","1","",
"2016-09-10 12:44:50","0","",
"2016-09-10 12:45:27","1","",
"2016-09-10 12:46:24","1","",
"2016-09-10 12:48:19","0","",
"2016-09-10 12:48:36","1","",
"2016-09-10 12:49:42","1","",
"2016-09-10 12:50:40","1","",
"2016-09-10 12:52:34","0","",
"2016-09-10 12:52:39","1","",
"2016-09-10 12:53:47","1","",
"2016-09-10 12:54:54","1","",
"2016-09-10 12:55:51","1","",
"2016-09-10 12:56:49","1","",
"2016-09-10 12:57:49","1","",
"2016-09-10 12:59:10","1","",
"2016-09-10 13:00:07","1","",
"2016-09-10 13:01:33","1","",
"2016-09-10 13:02:45","1","",
"2016-09-10 13:03:48","1","",
"2016-09-10 13:04:53","1","",
"2016-09-10 13:06:17","1","",
"2016-09-10 13:08:11","0","",
"2016-09-10 13:09:57","1","",
"2016-09-10 13:11:33","1","",
"2016-09-10 13:13:28","0","",
"2016-09-10 13:16:07","1","",
"2016-09-10 13:17:45","1","",
"2016-09-10 13:18:42","1","",
"2016-09-10 13:20:23","1","",
"2016-09-10 13:22:04","1","",
"2016-09-10 13:23:59","0","",
"2016-09-10 13:27:08","1","",
"2016-09-10 13:28:09","1","",
"2016-09-10 13:29:09","1","",
"2016-09-10 13:30:10","1","",
"2016-09-10 13:32:05","0","",
"2016-09-10 13:32:38","1","",
"2016-09-10 13:34:33","0","",
"2016-09-10 13:35:55","1","",
"2016-09-10 13:37:50","0","",
"2016-09-10 13:41:42","1","",
"2016-09-10 13:42:44","1","",
"2016-09-10 13:43:54","1","",
"2016-09-10 13:45:49","0","",
"2016-09-10 13:47:48","1","",
"2016-09-10 13:49:43","0","",
"2016-09-10 13:49:58","1","",
"2016-09-10 13:50:59","1","",
"2016-09-10 13:52:03","1","",
"2016-09-10 13:53:11","1","",
"2016-09-10 13:55:05","0","",
"2016-09-10 13:55:07","1","",
"2016-09-10 13:56:12","1","",
"2016-09-10 13:57:09","1","",
"2016-09-10 13:59:04","0","",
"2016-09-10 13:59:12","1","",
"2016-09-10 14:00:15","1","",
"2016-09-10 14:02:10","0","",
"2016-09-10 14:02:44","1","",
"2016-09-10 14:04:39","0","",
"2016-09-10 14:04:46","1","",
"2016-09-10 14:06:09","1","",
"2016-09-10 14:07:50","1","",
"2016-09-10 14:08:47","1","",
"2016-09-10 14:09:45","1","",
"2016-09-10 14:10:43","1","",
"2016-09-10 14:11:41","1","",
"2016-09-10 14:12:38","1","",
"2016-09-10 14:13:42","1","",
"2016-09-10 14:15:05","1","",
"2016-09-10 14:16:57","1","",
"2016-09-10 14:18:51","0","",
"2016-09-10 14:20:26","1","",
"2016-09-10 14:22:21","0","",
"2016-09-10 14:26:01","1","",
"2016-09-10 14:27:17","1","",
"2016-09-10 14:28:17","1","",
"2016-09-10 14:29:31","1","",
"2016-09-10 14:31:25","0","",
"2016-09-10 14:31:45","1","",
"2016-09-10 14:33:40","0","",
"2016-09-10 14:34:21","1","",
"2016-09-10 14:35:19","1","",
"2016-09-10 14:36:17","1","",
"2016-09-10 14:38:11","0","",
"2016-09-10 14:38:41","1","",
"2016-09-10 14:39:40","1","",
"2016-09-10 14:40:39","1","",
"2016-09-10 14:42:34","0","",
"2016-09-10 14:44:44","1","",
"2016-09-10 14:45:41","1","",
"2016-09-10 14:46:40","1","",
"2016-09-10 14:48:32","1","",
"2016-09-10 14:50:18","1","",
"2016-09-10 14:51:16","1","",
"2016-09-10 14:53:06","1","",
"2016-09-10 14:54:56","1","",
"2016-09-10 14:56:16","1","",
"2016-09-10 14:58:11","0","",
"2016-09-10 14:58:48","1","",
"2016-09-10 14:59:57","1","",
"2016-09-10 15:01:10","1","",
"2016-09-10 15:02:25","1","",
"2016-09-10 15:03:23","1","",
"2016-09-10 15:05:04","1","",
"2016-09-10 15:06:01","1","",
"2016-09-10 15:07:06","1","",
"2016-09-10 15:08:04","1","",
"2016-09-10 15:09:44","1","",
"2016-09-10 15:11:14","1","",
"2016-09-10 15:12:11","1","",
"2016-09-10 15:14:06","0","",
"2016-09-10 15:14:50","1","",
"2016-09-10 15:16:06","1","",
"2016-09-10 15:17:05","1","",
"2016-09-10 15:18:22","1","",
"2016-09-10 15:19:20","1","",
"2016-09-10 15:21:14","0","",
"2016-09-10 15:27:14","1","",
"2016-09-10 15:28:12","1","",
"2016-09-10 15:29:27","1","",
"2016-09-10 15:30:39","1","",
"2016-09-10 15:32:33","0","",
"2016-09-10 15:33:03","1","",
"2016-09-10 15:34:19","1","",
"2016-09-10 15:35:39","1","",
"2016-09-10 15:37:33","0","",
"2016-09-10 15:37:40","1","",
"2016-09-10 15:39:35","0","",
"2016-09-10 15:39:49","1","",
"2016-09-10 15:41:09","1","",
"2016-09-10 15:42:22","1","",
"2016-09-10 15:43:39","1","",
"2016-09-10 15:44:43","1","",
"2016-09-10 15:45:44","1","",
"2016-09-10 15:47:06","1","",
"2016-09-10 15:48:42","1","",
"2016-09-10 15:50:37","0","",
"2016-09-10 15:51:34","1","",
"2016-09-10 15:52:41","1","",
"2016-09-10 15:53:51","1","",
"2016-09-10 15:54:49","1","",
"2016-09-10 15:55:46","1","",
"2016-09-10 15:57:41","0","",
"2016-09-10 15:57:53","1","",
"2016-09-10 15:59:00","1","",
"2016-09-10 16:00:35","1","",
"2016-09-10 16:01:36","1","",
"2016-09-10 16:02:34","1","",
"2016-09-10 16:03:34","1","",
"2016-09-10 16:04:49","1","",
"2016-09-10 16:05:49","1","",
"2016-09-10 16:07:01","1","",
"2016-09-10 16:08:44","1","",
"2016-09-10 16:10:39","0","",
"2016-09-10 16:11:34","1","",
"2016-09-10 16:12:42","1","",
"2016-09-10 16:14:36","0","",
"2016-09-10 16:17:37","1","",
"2016-09-10 16:19:29","1","",
"2016-09-10 16:20:27","1","",
"2016-09-10 16:21:56","1","",
"2016-09-10 16:23:51","0","",
"2016-09-10 16:24:19","1","",
"2016-09-10 16:25:17","1","",
"2016-09-10 16:26:16","1","",
"2016-09-10 16:27:14","1","",
"2016-09-10 16:28:21","1","",
"2016-09-10 16:29:46","1","",
"2016-09-10 16:30:55","1","",
"2016-09-10 16:32:15","1","",
"2016-09-10 16:33:13","1","",
"2016-09-10 16:35:08","0","",
"2016-09-10 16:36:36","1","",
"2016-09-10 16:38:22","1","",
"2016-09-10 16:40:11","1","",
"2016-09-10 16:41:19","1","",
"2016-09-10 16:43:14","0","",
"2016-09-10 16:44:12","1","",
"2016-09-10 16:45:52","1","",
"2016-09-10 16:47:01","1","",
"2016-09-10 16:48:56","0","",
"2016-09-10 16:49:04","1","",
"2016-09-10 16:50:59","0","",
"2016-09-10 16:51:23","1","",
"2016-09-10 16:52:27","1","",
"2016-09-10 16:54:21","0","",
"2016-09-10 16:55:15","1","",
"2016-09-10 16:56:56","1","",
"2016-09-10 16:58:12","1","",
"2016-09-10 16:59:14","1","",
"2016-09-10 17:01:08","0","",
"2016-09-10 17:05:29","1","",
"2016-09-10 17:07:23","0","",
"2016-09-10 17:11:19","1","",
"2016-09-10 17:12:19","1","",
"2016-09-10 17:13:17","1","",
"2016-09-10 17:14:57","1","",
"2016-09-10 17:16:42","1","",
"2016-09-10 17:18:37","0","",
"2016-09-10 17:29:26","1","",
"2016-09-10 17:31:21","0","",
"2016-09-10 17:34:18","1","",
"2016-09-10 17:36:13","0","",
"2016-09-10 17:36:22","1","",
"2016-09-10 17:38:06","1","",
"2016-09-10 17:39:09","1","",
"2016-09-10 17:40:07","1","",
"2016-09-10 17:41:07","1","",
"2016-09-10 17:43:02","0","",
"2016-09-10 17:43:20","1","",
"2016-09-10 17:45:04","1","",
"2016-09-10 17:46:58","0","",
"2016-09-10 17:52:42","1","",
"2016-09-10 17:54:17","1","",
"2016-09-10 17:56:12","0","",
"2016-09-10 17:58:40","1","",
"2016-09-10 17:59:43","1","",
"2016-09-10 18:01:38","0","",
"2016-09-10 18:03:00","1","",
"2016-09-10 18:03:58","1","",
"2016-09-10 18:05:24","1","",
"2016-09-10 18:07:19","0","",
"2016-09-10 18:14:44","1","",
"2016-09-10 18:16:07","1","",
"2016-09-10 18:18:02","0","",
"2016-09-10 18:22:27","1","",
"2016-09-10 18:24:21","0","",
"2016-09-10 18:28:42","1","",
"2016-09-10 18:30:33","1","",
"2016-09-10 18:31:52","1","",
"2016-09-10 18:33:11","1","",
"2016-09-10 18:35:06","0","",
"2016-09-10 18:44:34","1","",
"2016-09-10 18:46:00","1","",
"2016-09-10 18:47:37","1","",
"2016-09-10 18:48:35","1","",
"2016-09-10 18:50:29","0","",
"2016-09-10 18:52:13","1","",
"2016-09-10 18:54:08","0","",
"2016-09-10 18:55:04","1","",
"2016-09-10 18:56:58","0","",
"2016-09-10 19:02:12","1","",
"2016-09-10 19:04:06","0","",
"2016-09-10 19:05:06","1","",
"2016-09-10 19:07:01","0","",
"2016-09-10 19:07:03","1","",
"2016-09-10 19:08:58","0","",
"2016-09-10 19:09:15","1","",
"2016-09-10 19:11:10","0","",
"2016-09-10 19:15:10","1","",
"2016-09-10 19:16:38","1","",
"2016-09-10 19:18:33","0","",
"2016-09-10 19:28:11","1","",
"2016-09-10 19:30:06","0","",
"2016-09-10 19:31:37","1","",
"2016-09-10 19:33:31","0","",
"2016-09-10 19:34:26","1","",
"2016-09-10 19:35:32","1","",
"2016-09-10 19:37:26","0","",
"2016-09-10 19:47:57","0","",
"2016-09-10 19:48:05","1","",
"2016-09-10 19:49:18","1","",
"2016-09-10 19:50:32","1","",
"2016-09-10 19:52:27","0","",
"2016-09-10 19:52:51","1","",
"2016-09-10 19:53:49","1","",
"2016-09-10 19:55:44","0","",
"2016-09-10 19:58:11","1","",
"2016-09-10 20:00:06","0","",
"2016-09-10 20:01:34","1","",
"2016-09-10 20:02:32","1","",
"2016-09-10 20:03:37","1","",
"2016-09-10 20:04:35","1","",
"2016-09-10 20:05:33","1","",
"2016-09-10 20:06:31","1","",
"2016-09-10 20:07:35","1","",
"2016-09-10 20:08:32","1","",
"2016-09-10 20:09:58","1","",
"2016-09-10 20:10:55","1","",
"2016-09-10 20:11:53","1","",
"2016-09-10 20:13:47","0","",
"2016-09-10 20:16:28","1","",
"2016-09-10 20:18:22","0","",
"2016-09-10 20:20:22","1","",
"2016-09-10 20:21:26","1","",
"2016-09-10 20:23:21","0","",
"2016-09-10 20:24:02","1","",
"2016-09-10 20:25:41","1","",
"2016-09-10 20:26:39","1","",
"2016-09-10 20:27:41","1","",
"2016-09-10 20:28:38","1","",
"2016-09-10 20:30:33","0","",
"2016-09-10 20:32:00","1","",
"2016-09-10 20:33:10","1","",
"2016-09-10 20:34:12","1","",
"2016-09-10 20:35:21","1","",
"2016-09-10 20:36:38","1","",
"2016-09-10 20:37:50","1","",
"2016-09-10 20:39:45","0","",
"2016-09-10 20:40:10","1","",
"2016-09-10 20:41:07","1","",
"2016-09-10 20:42:57","1","",
"2016-09-10 20:43:57","1","",
"2016-09-10 20:45:07","1","",
"2016-09-10 20:46:04","1","",
"2016-09-10 20:47:59","0","",
"2016-09-10 20:48:06","1","",
"2016-09-10 20:49:03","1","",
"2016-09-10 20:50:10","1","",
"2016-09-10 20:51:21","1","",
"2016-09-10 20:52:20","1","",
"2016-09-10 20:53:27","1","",
"2016-09-10 20:54:42","1","",
"2016-09-10 20:55:43","1","",
"2016-09-10 20:56:49","1","",
"2016-09-10 20:57:47","1","",
"2016-09-10 20:58:44","1","",
"2016-09-10 20:59:45","1","",
"2016-09-10 21:00:42","1","",
"2016-09-10 21:01:40","1","",
"2016-09-10 21:02:38","1","",
"2016-09-10 21:03:35","1","",
"2016-09-10 21:04:36","1","",
"2016-09-10 21:05:41","1","",
"2016-09-10 21:06:44","1","",
"2016-09-10 21:08:38","0","",
"2016-09-10 21:09:10","1","",
"2016-09-10 21:10:17","1","",
"2016-09-10 21:11:59","1","",
"2016-09-10 21:13:42","1","",
"2016-09-10 21:14:39","1","",
"2016-09-10 21:15:38","1","",
"2016-09-10 21:16:35","1","",
"2016-09-10 21:17:33","1","",
"2016-09-10 21:19:15","1","",
"2016-09-10 21:20:15","1","",
"2016-09-10 21:21:12","1","",
"2016-09-10 21:22:10","1","",
"2016-09-10 21:23:17","1","",
"2016-09-10 21:24:23","1","",
"2016-09-10 21:25:21","1","",
"2016-09-10 21:27:15","0","",
"2016-09-10 21:28:20","1","",
"2016-09-10 21:29:26","1","",
"2016-09-10 21:30:23","1","",
"2016-09-10 21:31:24","1","",
"2016-09-10 21:32:24","1","",
"2016-09-10 21:33:21","1","",
"2016-09-10 21:34:20","1","",
"2016-09-10 21:35:18","1","",
"2016-09-10 21:36:18","1","",
"2016-09-10 21:37:19","1","",
"2016-09-10 21:39:13","1","",
"2016-09-10 21:40:26","1","",
"2016-09-10 21:41:26","1","",
"2016-09-10 21:42:23","1","",
"2016-09-10 21:43:28","1","",
"2016-09-10 21:44:25","1","",
"2016-09-10 21:45:23","1","",
"2016-09-10 21:46:20","1","",
"2016-09-10 21:47:20","1","",
"2016-09-10 21:48:17","1","",
"2016-09-10 21:49:15","1","",
"2016-09-10 21:50:20","1","",
"2016-09-10 21:51:18","1","",
"2016-09-10 21:52:39","1","",
"2016-09-10 21:54:19","1","",
"2016-09-10 21:55:16","1","",
"2016-09-10 21:56:15","1","",
"2016-09-10 21:57:12","1","",
"2016-09-10 21:58:10","1","",
"2016-09-10 21:59:26","1","",
"2016-09-10 22:00:23","1","",
"2016-09-10 22:01:20","1","",
"2016-09-10 22:02:18","1","",
"2016-09-10 22:03:16","1","",
"2016-09-10 22:04:13","1","",
"2016-09-10 22:05:11","1","",
"2016-09-10 22:07:05","0","",
"2016-09-10 22:17:36","0","",
"2016-09-10 22:28:07","0","",
"2016-09-10 22:38:37","0","",
"2016-09-10 22:49:08","0","",
"2016-09-10 22:59:39","0","",
"2016-09-10 23:10:09","0","",
"2016-09-10 23:20:39","0","",
"2016-09-10 23:31:10","0","",
"2016-09-10 23:41:41","0","",
"2016-09-10 23:52:11","0","",
