"DateAndTime","OS_bloom-hall131 (Bloomberg-1 West-Hall 131) Occupancy","",
"2016-08-28 00:08:42","0","",
"2016-08-28 00:19:11","0","",
"2016-08-28 00:29:38","0","",
"2016-08-28 00:40:06","0","",
"2016-08-28 00:50:35","0","",
"2016-08-28 01:01:01","0","",
"2016-08-28 01:11:29","0","",
"2016-08-28 01:21:58","0","",
"2016-08-28 01:32:26","0","",
"2016-08-28 01:42:55","0","",
"2016-08-28 01:53:23","0","",
"2016-08-28 02:03:51","0","",
"2016-08-28 02:14:20","0","",
"2016-08-28 02:24:48","0","",
"2016-08-28 02:35:16","0","",
"2016-08-28 02:45:45","0","",
"2016-08-28 02:56:14","0","",
"2016-08-28 03:06:41","0","",
"2016-08-28 03:17:10","0","",
"2016-08-28 03:27:38","0","",
"2016-08-28 03:38:06","0","",
"2016-08-28 03:48:34","0","",
"2016-08-28 03:59:01","0","",
"2016-08-28 04:09:28","0","",
"2016-08-28 04:19:55","0","",
"2016-08-28 04:30:22","0","",
"2016-08-28 04:40:50","0","",
"2016-08-28 04:51:19","0","",
"2016-08-28 05:01:46","0","",
"2016-08-28 05:12:14","0","",
"2016-08-28 05:22:42","0","",
"2016-08-28 05:33:10","0","",
"2016-08-28 05:43:38","0","",
"2016-08-28 05:54:06","0","",
"2016-08-28 06:04:34","0","",
"2016-08-28 06:15:01","0","",
"2016-08-28 06:25:29","0","",
"2016-08-28 06:35:58","0","",
"2016-08-28 06:46:28","0","",
"2016-08-28 06:56:56","0","",
"2016-08-28 07:07:25","0","",
"2016-08-28 07:17:52","0","",
"2016-08-28 07:28:20","0","",
"2016-08-28 07:38:48","0","",
"2016-08-28 07:49:16","0","",
"2016-08-28 07:59:44","0","",
"2016-08-28 08:10:12","0","",
"2016-08-28 08:20:40","0","",
"2016-08-28 08:31:08","0","",
"2016-08-28 08:41:36","0","",
"2016-08-28 08:51:20","1","",
"2016-08-28 08:53:15","0","",
"2016-08-28 09:03:43","0","",
"2016-08-28 09:14:11","0","",
"2016-08-28 09:24:39","0","",
"2016-08-28 09:35:08","0","",
"2016-08-28 09:45:37","0","",
"2016-08-28 09:56:06","0","",
"2016-08-28 10:06:36","0","",
"2016-08-28 10:15:04","1","",
"2016-08-28 10:16:58","0","",
"2016-08-28 10:17:37","1","",
"2016-08-28 10:19:22","1","",
"2016-08-28 10:21:16","0","",
"2016-08-28 10:24:54","1","",
"2016-08-28 10:26:48","0","",
"2016-08-28 10:37:17","0","",
"2016-08-28 10:47:45","0","",
"2016-08-28 10:49:25","1","",
"2016-08-28 10:51:19","0","",
"2016-08-28 11:01:47","0","",
"2016-08-28 11:08:03","1","",
"2016-08-28 11:09:28","1","",
"2016-08-28 11:11:22","0","",
"2016-08-28 11:15:24","1","",
"2016-08-28 11:17:18","0","",
"2016-08-28 11:27:46","0","",
"2016-08-28 11:33:43","1","",
"2016-08-28 11:35:37","0","",
"2016-08-28 11:46:05","0","",
"2016-08-28 11:52:52","1","",
"2016-08-28 11:54:46","0","",
"2016-08-28 11:55:38","1","",
"2016-08-28 11:57:33","0","",
"2016-08-28 12:08:02","0","",
"2016-08-28 12:18:30","0","",
"2016-08-28 12:28:59","0","",
"2016-08-28 12:39:28","0","",
"2016-08-28 12:39:51","1","",
"2016-08-28 12:41:45","0","",
"2016-08-28 12:45:30","1","",
"2016-08-28 12:47:24","0","",
"2016-08-28 12:49:03","1","",
"2016-08-28 12:50:57","0","",
"2016-08-28 12:51:19","1","",
"2016-08-28 12:53:14","0","",
"2016-08-28 13:03:43","0","",
"2016-08-28 13:14:11","0","",
"2016-08-28 13:24:39","0","",
"2016-08-28 13:35:07","0","",
"2016-08-28 13:43:02","1","",
"2016-08-28 13:44:57","0","",
"2016-08-28 13:47:57","1","",
"2016-08-28 13:49:50","1","",
"2016-08-28 13:51:19","1","",
"2016-08-28 13:53:08","1","",
"2016-08-28 13:55:03","0","",
"2016-08-28 13:55:46","1","",
"2016-08-28 13:57:41","0","",
"2016-08-28 14:01:43","1","",
"2016-08-28 14:03:37","0","",
"2016-08-28 14:14:05","0","",
"2016-08-28 14:19:58","1","",
"2016-08-28 14:21:52","0","",
"2016-08-28 14:22:16","1","",
"2016-08-28 14:24:10","0","",
"2016-08-28 14:34:37","0","",
"2016-08-28 14:38:49","1","",
"2016-08-28 14:40:43","0","",
"2016-08-28 14:49:31","1","",
"2016-08-28 14:51:25","0","",
"2016-08-28 15:01:53","0","",
"2016-08-28 15:12:21","0","",
"2016-08-28 15:17:34","1","",
"2016-08-28 15:19:28","0","",
"2016-08-28 15:29:56","0","",
"2016-08-28 15:40:25","0","",
"2016-08-28 15:47:33","1","",
"2016-08-28 15:49:27","0","",
"2016-08-28 15:59:55","0","",
"2016-08-28 16:10:23","0","",
"2016-08-28 16:20:51","0","",
"2016-08-28 16:28:44","1","",
"2016-08-28 16:30:38","0","",
"2016-08-28 16:41:06","0","",
"2016-08-28 16:51:35","0","",
"2016-08-28 17:02:03","0","",
"2016-08-28 17:12:32","0","",
"2016-08-28 17:21:17","1","",
"2016-08-28 17:23:11","0","",
"2016-08-28 17:33:40","0","",
"2016-08-28 17:44:08","0","",
"2016-08-28 17:54:36","0","",
"2016-08-28 18:05:03","0","",
"2016-08-28 18:15:30","0","",
"2016-08-28 18:25:58","0","",
"2016-08-28 18:36:25","0","",
"2016-08-28 18:46:53","0","",
"2016-08-28 19:07:49","0","",
"2016-08-28 19:18:17","0","",
"2016-08-28 19:28:01","1","",
"2016-08-28 19:29:55","0","",
"2016-08-28 19:40:23","0","",
"2016-08-28 19:50:51","0","",
"2016-08-28 20:01:19","0","",
"2016-08-28 20:11:47","0","",
"2016-08-28 20:22:16","0","",
"2016-08-28 20:32:44","0","",
"2016-08-28 20:43:13","0","",
"2016-08-28 20:53:41","0","",
"2016-08-28 21:03:51","1","",
"2016-08-28 21:05:45","0","",
"2016-08-28 21:16:14","0","",
"2016-08-28 21:26:42","0","",
"2016-08-28 21:33:20","1","",
"2016-08-28 21:35:14","0","",
"2016-08-28 21:45:42","0","",
"2016-08-28 21:50:41","1","",
"2016-08-28 21:52:35","0","",
"2016-08-28 22:03:03","0","",
"2016-08-28 22:13:31","0","",
"2016-08-28 22:16:08","1","",
"2016-08-28 22:18:02","0","",
"2016-08-28 22:18:35","1","",
"2016-08-28 22:20:29","0","",
"2016-08-28 22:30:58","0","",
"2016-08-28 22:41:26","0","",
"2016-08-28 22:51:54","0","",
"2016-08-28 23:02:22","0","",
"2016-08-28 23:12:50","0","",
"2016-08-28 23:23:18","0","",
"2016-08-28 23:33:45","0","",
"2016-08-28 23:44:13","0","",
"2016-08-28 23:54:41","0","",
"2016-08-29 00:05:08","0","",
"2016-08-29 00:15:34","0","",
"2016-08-29 00:26:02","0","",
"2016-08-29 00:36:29","0","",
"2016-08-29 00:46:56","0","",
"2016-08-29 00:57:23","0","",
"2016-08-29 01:07:50","0","",
"2016-08-29 01:18:18","0","",
"2016-08-29 01:28:46","0","",
"2016-08-29 01:39:14","0","",
"2016-08-29 01:49:41","0","",
"2016-08-29 02:00:09","0","",
"2016-08-29 02:10:36","0","",
"2016-08-29 02:21:04","0","",
"2016-08-29 02:31:32","0","",
"2016-08-29 02:42:00","0","",
"2016-08-29 02:52:28","0","",
"2016-08-29 03:02:56","0","",
"2016-08-29 03:13:24","0","",
"2016-08-29 03:23:53","0","",
"2016-08-29 03:34:21","0","",
"2016-08-29 03:44:49","0","",
"2016-08-29 03:55:18","0","",
"2016-08-29 04:05:45","0","",
"2016-08-29 04:16:13","0","",
"2016-08-29 04:26:41","0","",
"2016-08-29 04:37:09","0","",
"2016-08-29 04:47:37","0","",
"2016-08-29 04:58:06","0","",
"2016-08-29 05:08:33","0","",
"2016-08-29 05:19:02","0","",
"2016-08-29 05:29:30","0","",
"2016-08-29 05:39:58","0","",
"2016-08-29 05:50:26","0","",
"2016-08-29 06:00:53","0","",
"2016-08-29 06:11:21","0","",
"2016-08-29 06:21:49","0","",
"2016-08-29 06:32:17","0","",
"2016-08-29 06:42:45","0","",
"2016-08-29 06:53:13","0","",
"2016-08-29 07:03:41","0","",
"2016-08-29 07:14:08","0","",
"2016-08-29 07:24:36","0","",
"2016-08-29 07:35:03","0","",
"2016-08-29 07:45:31","0","",
"2016-08-29 07:55:59","0","",
"2016-08-29 08:06:27","0","",
"2016-08-29 08:16:55","0","",
"2016-08-29 08:27:22","0","",
"2016-08-29 08:37:50","0","",
"2016-08-29 08:48:19","0","",
"2016-08-29 08:58:47","0","",
"2016-08-29 09:09:14","0","",
"2016-08-29 09:19:43","0","",
"2016-08-29 09:30:12","0","",
"2016-08-29 09:40:40","0","",
"2016-08-29 09:44:01","1","",
"2016-08-29 09:45:55","0","",
"2016-08-29 09:56:23","0","",
"2016-08-29 10:06:51","0","",
"2016-08-29 10:17:20","0","",
"2016-08-29 10:26:38","1","",
"2016-08-29 10:28:33","0","",
"2016-08-29 10:30:03","1","",
"2016-08-29 10:31:58","0","",
"2016-08-29 10:32:45","1","",
"2016-08-29 10:34:05","1","",
"2016-08-29 10:35:59","0","",
"2016-08-29 10:39:04","1","",
"2016-08-29 10:40:59","0","",
"2016-08-29 10:41:36","1","",
"2016-08-29 10:43:30","0","",
"2016-08-29 10:54:00","0","",
"2016-08-29 11:04:28","0","",
"2016-08-29 11:04:31","1","",
"2016-08-29 11:06:25","0","",
"2016-08-29 11:06:26","1","",
"2016-08-29 11:08:20","0","",
"2016-08-29 11:16:26","1","",
"2016-08-29 11:18:20","0","",
"2016-08-29 11:28:48","0","",
"2016-08-29 11:39:17","0","",
"2016-08-29 11:49:46","0","",
"2016-08-29 12:00:15","0","",
"2016-08-29 12:10:43","0","",
"2016-08-29 12:21:10","0","",
"2016-08-29 12:31:38","0","",
"2016-08-29 12:42:06","0","",
"2016-08-29 12:52:07","1","",
"2016-08-29 12:53:23","1","",
"2016-08-29 12:55:17","0","",
"2016-08-29 13:05:47","0","",
"2016-08-29 13:16:15","0","",
"2016-08-29 13:26:44","0","",
"2016-08-29 13:37:13","0","",
"2016-08-29 13:47:40","0","",
"2016-08-29 13:58:08","0","",
"2016-08-29 13:58:49","1","",
"2016-08-29 14:00:42","0","",
"2016-08-29 14:05:48","1","",
"2016-08-29 14:07:42","0","",
"2016-08-29 14:18:11","0","",
"2016-08-29 14:25:16","1","",
"2016-08-29 14:27:10","0","",
"2016-08-29 14:37:37","0","",
"2016-08-29 14:48:05","0","",
"2016-08-29 14:48:27","1","",
"2016-08-29 14:50:21","0","",
"2016-08-29 15:00:50","0","",
"2016-08-29 15:11:18","0","",
"2016-08-29 15:21:47","0","",
"2016-08-29 15:32:15","0","",
"2016-08-29 15:42:44","0","",
"2016-08-29 15:53:12","0","",
"2016-08-29 16:03:40","0","",
"2016-08-29 16:09:45","1","",
"2016-08-29 16:11:40","0","",
"2016-08-29 16:17:05","1","",
"2016-08-29 16:18:59","0","",
"2016-08-29 16:29:28","0","",
"2016-08-29 16:38:38","1","",
"2016-08-29 16:40:32","0","",
"2016-08-29 16:42:40","1","",
"2016-08-29 16:44:34","0","",
"2016-08-29 16:55:03","0","",
"2016-08-29 17:05:30","0","",
"2016-08-29 17:15:57","0","",
"2016-08-29 17:18:54","1","",
"2016-08-29 17:20:48","0","",
"2016-08-29 17:21:00","1","",
"2016-08-29 17:22:54","0","",
"2016-08-29 17:33:22","0","",
"2016-08-29 17:43:50","0","",
"2016-08-29 17:54:19","0","",
"2016-08-29 18:04:47","0","",
"2016-08-29 18:15:16","0","",
"2016-08-29 18:25:44","0","",
"2016-08-29 18:33:08","1","",
"2016-08-29 18:35:02","0","",
"2016-08-29 18:45:30","0","",
"2016-08-29 18:50:57","1","",
"2016-08-29 18:52:51","0","",
"2016-08-29 19:03:19","0","",
"2016-08-29 19:13:47","0","",
"2016-08-29 19:24:16","0","",
"2016-08-29 19:34:44","0","",
"2016-08-29 19:45:12","0","",
"2016-08-29 19:55:40","0","",
"2016-08-29 20:06:07","0","",
"2016-08-29 20:16:35","0","",
"2016-08-29 20:27:02","0","",
"2016-08-29 20:37:30","0","",
"2016-08-29 20:47:58","0","",
"2016-08-29 20:58:27","0","",
"2016-08-29 21:08:54","0","",
"2016-08-29 21:19:23","0","",
"2016-08-29 21:28:55","1","",
"2016-08-29 21:30:49","0","",
"2016-08-29 21:41:18","0","",
"2016-08-29 21:51:46","0","",
"2016-08-29 22:02:15","0","",
"2016-08-29 22:12:44","0","",
"2016-08-29 22:23:13","0","",
"2016-08-29 22:33:42","0","",
"2016-08-29 22:44:10","0","",
"2016-08-29 22:54:38","0","",
"2016-08-29 23:05:05","0","",
"2016-08-29 23:15:32","0","",
"2016-08-29 23:26:00","0","",
"2016-08-29 23:36:29","0","",
"2016-08-29 23:46:57","0","",
"2016-08-29 23:57:25","0","",
"2016-08-30 00:07:54","0","",
"2016-08-30 00:18:23","0","",
"2016-08-30 00:28:51","0","",
"2016-08-30 00:39:18","0","",
"2016-08-30 00:49:46","0","",
"2016-08-30 01:00:14","0","",
"2016-08-30 01:10:42","0","",
"2016-08-30 01:21:10","0","",
"2016-08-30 01:31:38","0","",
"2016-08-30 01:42:06","0","",
"2016-08-30 01:52:35","0","",
"2016-08-30 02:03:03","0","",
"2016-08-30 02:13:32","0","",
"2016-08-30 02:24:00","0","",
"2016-08-30 02:34:29","0","",
"2016-08-30 02:44:58","0","",
"2016-08-30 02:55:26","0","",
"2016-08-30 03:05:54","0","",
"2016-08-30 03:16:22","0","",
"2016-08-30 03:26:51","0","",
"2016-08-30 03:37:19","0","",
"2016-08-30 03:47:48","0","",
"2016-08-30 03:58:16","0","",
"2016-08-30 04:08:45","0","",
"2016-08-30 04:19:14","0","",
"2016-08-30 04:29:43","0","",
"2016-08-30 04:40:11","0","",
"2016-08-30 04:50:40","0","",
"2016-08-30 05:01:08","0","",
"2016-08-30 05:11:37","0","",
"2016-08-30 05:22:05","0","",
"2016-08-30 05:32:33","0","",
"2016-08-30 05:43:01","0","",
"2016-08-30 05:53:30","0","",
"2016-08-30 06:03:57","0","",
"2016-08-30 06:14:25","0","",
"2016-08-30 06:24:54","0","",
"2016-08-30 06:35:22","0","",
"2016-08-30 06:45:51","0","",
"2016-08-30 06:56:19","0","",
"2016-08-30 06:59:00","1","",
"2016-08-30 07:00:54","0","",
"2016-08-30 07:11:22","0","",
"2016-08-30 07:21:51","0","",
"2016-08-30 07:32:20","0","",
"2016-08-30 07:42:48","0","",
"2016-08-30 07:53:16","0","",
"2016-08-30 08:03:44","0","",
"2016-08-30 08:14:13","0","",
"2016-08-30 08:24:40","0","",
"2016-08-30 08:35:07","0","",
"2016-08-30 08:45:35","0","",
"2016-08-30 08:56:03","0","",
"2016-08-30 09:06:31","0","",
"2016-08-30 09:16:59","0","",
"2016-08-30 09:27:28","0","",
"2016-08-30 09:37:57","0","",
"2016-08-30 09:48:25","0","",
"2016-08-30 09:58:54","0","",
"2016-08-30 10:09:23","0","",
"2016-08-30 10:19:51","0","",
"2016-08-30 10:30:20","0","",
"2016-08-30 10:40:48","0","",
"2016-08-30 10:51:16","0","",
"2016-08-30 11:01:44","0","",
"2016-08-30 11:04:08","1","",
"2016-08-30 11:06:03","0","",
"2016-08-30 11:16:31","0","",
"2016-08-30 11:20:47","1","",
"2016-08-30 11:22:41","0","",
"2016-08-30 11:33:09","0","",
"2016-08-30 11:43:38","0","",
"2016-08-30 11:54:07","0","",
"2016-08-30 12:04:36","0","",
"2016-08-30 12:15:05","0","",
"2016-08-30 12:25:35","0","",
"2016-08-30 12:36:04","0","",
"2016-08-30 12:46:33","0","",
"2016-08-30 12:57:01","0","",
"2016-08-30 13:07:29","0","",
"2016-08-30 13:10:38","1","",
"2016-08-30 13:12:32","0","",
"2016-08-30 13:23:00","0","",
"2016-08-30 13:33:28","0","",
"2016-08-30 13:43:57","0","",
"2016-08-30 13:54:26","0","",
"2016-08-30 14:04:54","0","",
"2016-08-30 14:15:22","0","",
"2016-08-30 14:25:50","0","",
"2016-08-30 14:36:18","0","",
"2016-08-30 14:46:46","0","",
"2016-08-30 14:57:14","0","",
"2016-08-30 15:07:41","0","",
"2016-08-30 15:18:09","0","",
"2016-08-30 15:28:37","0","",
"2016-08-30 15:39:03","0","",
"2016-08-30 15:49:31","0","",
"2016-08-30 15:59:57","0","",
"2016-08-30 16:10:24","0","",
"2016-08-30 16:20:52","0","",
"2016-08-30 16:31:19","0","",
"2016-08-30 16:41:47","0","",
"2016-08-30 16:52:15","0","",
"2016-08-30 17:02:43","0","",
"2016-08-30 17:13:10","0","",
"2016-08-30 17:23:37","0","",
"2016-08-30 17:34:04","0","",
"2016-08-30 17:44:32","0","",
"2016-08-30 17:55:00","0","",
"2016-08-30 18:05:27","0","",
"2016-08-30 18:15:53","0","",
"2016-08-30 18:26:20","0","",
"2016-08-30 18:36:48","0","",
"2016-08-30 18:47:15","0","",
"2016-08-30 18:57:42","0","",
"2016-08-30 19:08:08","0","",
"2016-08-30 19:18:35","0","",
"2016-08-30 19:29:02","0","",
"2016-08-30 19:39:29","0","",
"2016-08-30 19:49:56","0","",
"2016-08-30 19:53:13","1","",
"2016-08-30 19:55:07","0","",
"2016-08-30 20:05:35","0","",
"2016-08-30 20:16:01","0","",
"2016-08-30 20:26:28","0","",
"2016-08-30 20:36:55","0","",
"2016-08-30 20:47:22","0","",
"2016-08-30 20:57:49","0","",
"2016-08-30 21:08:15","0","",
"2016-08-30 21:18:42","0","",
"2016-08-30 21:29:09","0","",
"2016-08-30 21:39:36","0","",
"2016-08-30 21:50:03","0","",
"2016-08-30 22:00:30","0","",
"2016-08-30 22:10:57","0","",
"2016-08-30 22:21:24","0","",
"2016-08-30 22:31:51","0","",
"2016-08-30 22:42:18","0","",
"2016-08-30 22:52:45","0","",
"2016-08-30 23:03:13","0","",
"2016-08-30 23:13:41","0","",
"2016-08-30 23:24:08","0","",
"2016-08-30 23:34:35","0","",
"2016-08-30 23:45:02","0","",
"2016-08-30 23:55:29","0","",
"2016-08-31 00:05:55","0","",
"2016-08-31 00:06:36","1","",
"2016-08-31 00:08:31","0","",
"2016-08-31 00:18:57","0","",
"2016-08-31 00:29:24","0","",
"2016-08-31 00:39:52","0","",
"2016-08-31 00:50:19","0","",
"2016-08-31 01:00:46","0","",
"2016-08-31 01:11:13","0","",
"2016-08-31 01:21:41","0","",
"2016-08-31 01:32:10","0","",
"2016-08-31 01:42:39","0","",
"2016-08-31 01:53:07","0","",
"2016-08-31 02:03:36","0","",
"2016-08-31 02:14:05","0","",
"2016-08-31 02:24:33","0","",
"2016-08-31 02:35:01","0","",
"2016-08-31 02:45:28","0","",
"2016-08-31 02:55:56","0","",
"2016-08-31 03:06:25","0","",
"2016-08-31 03:16:53","0","",
"2016-08-31 03:27:22","0","",
"2016-08-31 03:37:52","0","",
"2016-08-31 03:48:22","0","",
"2016-08-31 03:58:51","0","",
"2016-08-31 04:09:20","0","",
"2016-08-31 04:19:48","0","",
"2016-08-31 04:30:16","0","",
"2016-08-31 04:40:44","0","",
"2016-08-31 04:51:12","0","",
"2016-08-31 05:01:39","0","",
"2016-08-31 05:12:07","0","",
"2016-08-31 05:22:36","0","",
"2016-08-31 05:33:05","0","",
"2016-08-31 05:43:33","0","",
"2016-08-31 05:54:01","0","",
"2016-08-31 06:04:30","0","",
"2016-08-31 06:14:57","0","",
"2016-08-31 06:25:26","0","",
"2016-08-31 06:35:53","0","",
"2016-08-31 06:46:22","0","",
"2016-08-31 06:56:51","0","",
"2016-08-31 07:07:18","0","",
"2016-08-31 07:17:47","0","",
"2016-08-31 07:28:15","0","",
"2016-08-31 07:38:43","0","",
"2016-08-31 07:49:12","0","",
"2016-08-31 07:59:40","0","",
"2016-08-31 08:00:28","1","",
"2016-08-31 08:01:38","1","",
"2016-08-31 08:03:32","0","",
"2016-08-31 08:14:01","0","",
"2016-08-31 08:24:29","0","",
"2016-08-31 08:34:57","0","",
"2016-08-31 08:45:24","0","",
"2016-08-31 08:55:52","0","",
"2016-08-31 09:06:20","0","",
"2016-08-31 09:16:49","0","",
"2016-08-31 09:27:17","0","",
"2016-08-31 09:37:46","0","",
"2016-08-31 09:42:52","1","",
"2016-08-31 09:44:46","0","",
"2016-08-31 09:55:14","0","",
"2016-08-31 10:05:42","0","",
"2016-08-31 10:16:10","0","",
"2016-08-31 10:26:30","1","",
"2016-08-31 10:27:29","1","",
"2016-08-31 10:28:26","1","",
"2016-08-31 10:29:24","1","",
"2016-08-31 10:30:21","1","",
"2016-08-31 10:32:15","0","",
"2016-08-31 10:34:13","1","",
"2016-08-31 10:35:10","1","",
"2016-08-31 10:37:04","0","",
"2016-08-31 10:37:15","1","",
"2016-08-31 10:38:13","1","",
"2016-08-31 10:39:10","1","",
"2016-08-31 10:40:07","1","",
"2016-08-31 10:41:06","1","",
"2016-08-31 10:42:36","1","",
"2016-08-31 10:43:33","1","",
"2016-08-31 10:44:30","1","",
"2016-08-31 10:45:30","1","",
"2016-08-31 10:46:27","1","",
"2016-08-31 10:47:24","1","",
"2016-08-31 10:48:22","1","",
"2016-08-31 10:49:21","1","",
"2016-08-31 10:50:48","1","",
"2016-08-31 10:51:45","1","",
"2016-08-31 10:53:04","1","",
"2016-08-31 10:54:02","1","",
"2016-08-31 10:55:56","0","",
"2016-08-31 10:56:31","1","",
"2016-08-31 10:57:41","1","",
"2016-08-31 10:58:55","1","",
"2016-08-31 10:59:59","1","",
"2016-08-31 11:01:53","0","",
"2016-08-31 11:12:21","0","",
"2016-08-31 11:22:50","0","",
"2016-08-31 11:31:02","1","",
"2016-08-31 11:32:01","1","",
"2016-08-31 11:33:21","1","",
"2016-08-31 11:35:16","0","",
"2016-08-31 11:45:45","0","",
"2016-08-31 11:56:13","0","",
"2016-08-31 12:06:42","0","",
"2016-08-31 12:17:11","0","",
"2016-08-31 12:27:40","0","",
"2016-08-31 12:34:45","1","",
"2016-08-31 12:35:50","1","",
"2016-08-31 12:37:44","0","",
"2016-08-31 12:38:11","1","",
"2016-08-31 12:39:29","1","",
"2016-08-31 12:41:23","0","",
"2016-08-31 12:41:36","1","",
"2016-08-31 12:43:31","0","",
"2016-08-31 12:45:35","1","",
"2016-08-31 12:46:32","1","",
"2016-08-31 12:47:29","1","",
"2016-08-31 12:49:00","1","",
"2016-08-31 12:49:58","1","",
"2016-08-31 12:51:01","1","",
"2016-08-31 12:51:59","1","",
"2016-08-31 12:53:02","1","",
"2016-08-31 12:54:53","1","",
"2016-08-31 12:55:52","1","",
"2016-08-31 12:57:16","1","",
"2016-08-31 12:58:15","1","",
"2016-08-31 12:59:21","1","",
"2016-08-31 13:00:19","1","",
"2016-08-31 13:02:13","0","",
"2016-08-31 13:04:17","1","",
"2016-08-31 13:05:14","1","",
"2016-08-31 13:07:09","0","",
"2016-08-31 13:07:17","1","",
"2016-08-31 13:09:12","0","",
"2016-08-31 13:09:57","1","",
"2016-08-31 13:10:58","1","",
"2016-08-31 13:12:32","1","",
"2016-08-31 13:13:32","1","",
"2016-08-31 13:14:30","1","",
"2016-08-31 13:15:49","1","",
"2016-08-31 13:16:46","1","",
"2016-08-31 13:18:40","0","",
"2016-08-31 13:18:52","1","",
"2016-08-31 13:19:49","1","",
"2016-08-31 13:20:46","1","",
"2016-08-31 13:21:49","1","",
"2016-08-31 13:22:47","1","",
"2016-08-31 13:23:46","1","",
"2016-08-31 13:24:43","1","",
"2016-08-31 13:25:56","1","",
"2016-08-31 13:27:18","1","",
"2016-08-31 13:28:16","1","",
"2016-08-31 13:29:21","1","",
"2016-08-31 13:31:16","0","",
"2016-08-31 13:31:25","1","",
"2016-08-31 13:33:19","0","",
"2016-08-31 13:34:53","1","",
"2016-08-31 13:36:47","0","",
"2016-08-31 13:41:48","1","",
"2016-08-31 13:43:42","0","",
"2016-08-31 13:43:49","1","",
"2016-08-31 13:44:47","1","",
"2016-08-31 13:46:41","0","",
"2016-08-31 13:50:23","1","",
"2016-08-31 13:51:32","1","",
"2016-08-31 13:53:27","0","",
"2016-08-31 14:03:56","0","",
"2016-08-31 14:14:24","0","",
"2016-08-31 14:24:53","0","",
"2016-08-31 14:35:23","0","",
"2016-08-31 14:45:51","0","",
"2016-08-31 14:56:20","0","",
"2016-08-31 15:06:47","0","",
"2016-08-31 15:17:15","0","",
"2016-08-31 15:27:43","0","",
"2016-08-31 15:38:12","0","",
"2016-08-31 15:48:40","0","",
"2016-08-31 15:59:08","0","",
"2016-08-31 16:09:36","0","",
"2016-08-31 16:20:04","0","",
"2016-08-31 16:30:32","0","",
"2016-08-31 16:41:02","0","",
"2016-08-31 16:51:30","0","",
"2016-08-31 17:01:58","0","",
"2016-08-31 17:12:26","0","",
"2016-08-31 17:22:54","0","",
"2016-08-31 17:33:22","0","",
"2016-08-31 17:43:51","0","",
"2016-08-31 17:54:20","0","",
"2016-08-31 18:04:48","0","",
"2016-08-31 18:15:15","0","",
"2016-08-31 18:25:43","0","",
"2016-08-31 18:36:11","0","",
"2016-08-31 18:46:39","0","",
"2016-08-31 18:57:07","0","",
"2016-08-31 19:07:36","0","",
"2016-08-31 19:18:04","0","",
"2016-08-31 19:28:32","0","",
"2016-08-31 19:39:01","0","",
"2016-08-31 19:49:30","0","",
"2016-08-31 19:59:59","0","",
"2016-08-31 20:10:29","0","",
"2016-08-31 20:20:58","0","",
"2016-08-31 20:31:27","0","",
"2016-08-31 20:41:55","0","",
"2016-08-31 20:52:24","0","",
"2016-08-31 21:02:54","0","",
"2016-08-31 21:13:23","0","",
"2016-08-31 21:23:52","0","",
"2016-08-31 21:34:22","0","",
"2016-08-31 21:44:50","0","",
"2016-08-31 21:55:18","0","",
"2016-08-31 22:05:45","0","",
"2016-08-31 22:16:14","0","",
"2016-08-31 22:26:43","0","",
"2016-08-31 22:37:12","0","",
"2016-08-31 22:47:40","0","",
"2016-08-31 22:58:08","0","",
"2016-08-31 23:08:35","0","",
"2016-08-31 23:19:03","0","",
"2016-08-31 23:29:31","0","",
"2016-08-31 23:39:59","0","",
"2016-08-31 23:50:27","0","",
"2016-09-01 00:00:54","0","",
"2016-09-01 00:11:22","0","",
"2016-09-01 00:21:50","0","",
"2016-09-01 00:32:18","0","",
"2016-09-01 00:42:46","0","",
"2016-09-01 00:53:14","0","",
"2016-09-01 01:03:41","0","",
"2016-09-01 01:14:09","0","",
"2016-09-01 01:24:38","0","",
"2016-09-01 01:35:06","0","",
"2016-09-01 01:45:34","0","",
"2016-09-01 01:56:02","0","",
"2016-09-01 02:06:31","0","",
"2016-09-01 02:17:00","0","",
"2016-09-01 02:27:30","0","",
"2016-09-01 02:37:58","0","",
"2016-09-01 02:48:27","0","",
"2016-09-01 02:58:55","0","",
"2016-09-01 03:09:23","0","",
"2016-09-01 03:19:51","0","",
"2016-09-01 03:30:19","0","",
"2016-09-01 03:40:48","0","",
"2016-09-01 03:51:16","0","",
"2016-09-01 04:01:44","0","",
"2016-09-01 04:12:12","0","",
"2016-09-01 04:22:40","0","",
"2016-09-01 04:33:09","0","",
"2016-09-01 04:43:38","0","",
"2016-09-01 04:54:06","0","",
"2016-09-01 05:04:33","0","",
"2016-09-01 05:15:01","0","",
"2016-09-01 05:25:29","0","",
"2016-09-01 05:35:58","0","",
"2016-09-01 05:46:26","0","",
"2016-09-01 05:56:55","0","",
"2016-09-01 06:07:24","0","",
"2016-09-01 06:17:53","0","",
"2016-09-01 06:28:21","0","",
"2016-09-01 06:38:50","0","",
"2016-09-01 06:49:19","0","",
"2016-09-01 06:59:48","0","",
"2016-09-01 07:10:16","0","",
"2016-09-01 07:20:45","0","",
"2016-09-01 07:25:38","1","",
"2016-09-01 07:26:38","1","",
"2016-09-01 07:28:32","0","",
"2016-09-01 07:39:01","0","",
"2016-09-01 07:49:31","0","",
"2016-09-01 07:59:59","0","",
"2016-09-01 08:10:28","0","",
"2016-09-01 08:11:27","1","",
"2016-09-01 08:13:21","0","",
"2016-09-01 08:14:00","1","",
"2016-09-01 08:15:04","1","",
"2016-09-01 08:16:58","0","",
"2016-09-01 08:18:42","1","",
"2016-09-01 08:19:44","1","",
"2016-09-01 08:21:39","0","",
"2016-09-01 08:22:33","1","",
"2016-09-01 08:24:11","1","",
"2016-09-01 08:25:09","1","",
"2016-09-01 08:26:14","1","",
"2016-09-01 08:28:08","0","",
"2016-09-01 08:38:37","0","",
"2016-09-01 08:49:06","0","",
"2016-09-01 08:54:13","1","",
"2016-09-01 08:55:10","1","",
"2016-09-01 08:56:28","1","",
"2016-09-01 08:58:22","0","",
"2016-09-01 09:08:51","0","",
"2016-09-01 09:19:20","0","",
"2016-09-01 09:29:48","0","",
"2016-09-01 09:40:17","0","",
"2016-09-01 09:50:46","0","",
"2016-09-01 10:01:14","0","",
"2016-09-01 10:11:43","0","",
"2016-09-01 10:22:12","0","",
"2016-09-01 10:32:40","0","",
"2016-09-01 10:43:09","0","",
"2016-09-01 10:53:38","0","",
"2016-09-01 11:04:06","0","",
"2016-09-01 11:14:33","0","",
"2016-09-01 11:25:01","0","",
"2016-09-01 11:35:29","0","",
"2016-09-01 11:45:58","0","",
"2016-09-01 11:56:25","0","",
"2016-09-01 12:06:53","0","",
"2016-09-01 12:17:20","0","",
"2016-09-01 12:27:48","0","",
"2016-09-01 12:35:52","1","",
"2016-09-01 12:37:28","1","",
"2016-09-01 12:38:31","1","",
"2016-09-01 12:39:34","1","",
"2016-09-01 12:40:38","1","",
"2016-09-01 12:41:36","1","",
"2016-09-01 12:42:33","1","",
"2016-09-01 12:43:30","1","",
"2016-09-01 12:44:33","1","",
"2016-09-01 12:45:30","1","",
"2016-09-01 12:46:28","1","",
"2016-09-01 12:47:30","1","",
"2016-09-01 12:48:27","1","",
"2016-09-01 12:49:24","1","",
"2016-09-01 12:50:36","1","",
"2016-09-01 12:51:38","1","",
"2016-09-01 12:53:11","1","",
"2016-09-01 12:54:56","1","",
"2016-09-01 12:56:50","0","",
"2016-09-01 12:56:56","1","",
"2016-09-01 12:58:50","0","",
"2016-09-01 12:59:10","1","",
"2016-09-01 13:00:38","1","",
"2016-09-01 13:02:27","1","",
"2016-09-01 13:03:48","1","",
"2016-09-01 13:05:42","0","",
"2016-09-01 13:07:17","1","",
"2016-09-01 13:08:49","1","",
"2016-09-01 13:09:46","1","",
"2016-09-01 13:10:43","1","",
"2016-09-01 13:11:40","1","",
"2016-09-01 13:13:34","0","",
"2016-09-01 13:13:54","1","",
"2016-09-01 13:15:49","0","",
"2016-09-01 13:26:17","0","",
"2016-09-01 13:36:45","0","",
"2016-09-01 13:47:14","0","",
"2016-09-01 13:57:42","0","",
"2016-09-01 14:08:10","0","",
"2016-09-01 14:18:38","0","",
"2016-09-01 14:29:06","0","",
"2016-09-01 14:39:34","0","",
"2016-09-01 14:50:02","0","",
"2016-09-01 15:00:30","0","",
"2016-09-01 15:10:58","0","",
"2016-09-01 15:21:26","0","",
"2016-09-01 15:31:53","0","",
"2016-09-01 15:42:21","0","",
"2016-09-01 15:52:48","0","",
"2016-09-01 16:03:15","0","",
"2016-09-01 16:13:43","0","",
"2016-09-01 16:24:12","0","",
"2016-09-01 16:34:39","0","",
"2016-09-01 16:45:07","0","",
"2016-09-01 16:55:36","0","",
"2016-09-01 17:06:03","0","",
"2016-09-01 17:16:31","0","",
"2016-09-01 17:26:59","0","",
"2016-09-01 17:37:27","0","",
"2016-09-01 17:47:55","0","",
"2016-09-01 17:58:23","0","",
"2016-09-01 18:08:51","0","",
"2016-09-01 18:19:19","0","",
"2016-09-01 18:29:47","0","",
"2016-09-01 18:40:14","0","",
"2016-09-01 18:50:41","0","",
"2016-09-01 19:01:08","0","",
"2016-09-01 19:11:36","0","",
"2016-09-01 19:22:04","0","",
"2016-09-01 19:32:33","0","",
"2016-09-01 19:43:01","0","",
"2016-09-01 19:53:29","0","",
"2016-09-01 20:03:57","0","",
"2016-09-01 20:14:25","0","",
"2016-09-01 20:24:52","0","",
"2016-09-01 20:35:19","0","",
"2016-09-01 20:45:47","0","",
"2016-09-01 20:56:15","0","",
"2016-09-01 21:06:43","0","",
"2016-09-01 21:17:11","0","",
"2016-09-01 21:27:38","0","",
"2016-09-01 21:38:06","0","",
"2016-09-01 21:48:33","0","",
"2016-09-01 21:59:01","0","",
"2016-09-01 22:09:29","0","",
"2016-09-01 22:19:57","0","",
"2016-09-01 22:30:25","0","",
"2016-09-01 22:40:52","0","",
"2016-09-01 22:51:20","0","",
"2016-09-01 23:01:47","0","",
"2016-09-01 23:12:14","0","",
"2016-09-01 23:22:41","0","",
"2016-09-01 23:33:09","0","",
"2016-09-01 23:43:37","0","",
"2016-09-01 23:54:04","0","",
"2016-09-02 00:04:31","0","",
"2016-09-02 00:14:59","0","",
"2016-09-02 00:25:27","0","",
"2016-09-02 00:35:54","0","",
"2016-09-02 00:46:22","0","",
"2016-09-02 00:56:49","0","",
"2016-09-02 01:07:16","0","",
"2016-09-02 01:17:44","0","",
"2016-09-02 01:28:12","0","",
"2016-09-02 01:38:39","0","",
"2016-09-02 01:49:07","0","",
"2016-09-02 01:59:34","0","",
"2016-09-02 02:10:02","0","",
"2016-09-02 02:20:29","0","",
"2016-09-02 02:30:57","0","",
"2016-09-02 02:41:24","0","",
"2016-09-02 02:51:52","0","",
"2016-09-02 03:02:19","0","",
"2016-09-02 03:12:46","0","",
"2016-09-02 03:23:13","0","",
"2016-09-02 03:33:41","0","",
"2016-09-02 03:44:08","0","",
"2016-09-02 03:54:36","0","",
"2016-09-02 04:05:03","0","",
"2016-09-02 04:15:31","0","",
"2016-09-02 04:25:58","0","",
"2016-09-02 04:36:26","0","",
"2016-09-02 04:46:52","0","",
"2016-09-02 04:57:20","0","",
"2016-09-02 05:07:48","0","",
"2016-09-02 05:18:16","0","",
"2016-09-02 05:28:44","0","",
"2016-09-02 05:39:13","0","",
"2016-09-02 05:49:41","0","",
"2016-09-02 06:00:08","0","",
"2016-09-02 06:10:36","0","",
"2016-09-02 06:21:05","0","",
"2016-09-02 06:31:33","0","",
"2016-09-02 06:42:01","0","",
"2016-09-02 06:52:29","0","",
"2016-09-02 07:02:56","0","",
"2016-09-02 07:13:24","0","",
"2016-09-02 07:23:51","0","",
"2016-09-02 07:34:19","0","",
"2016-09-02 07:44:46","0","",
"2016-09-02 07:55:13","0","",
"2016-09-02 08:05:40","0","",
"2016-09-02 08:16:08","0","",
"2016-09-02 08:26:34","0","",
"2016-09-02 08:37:01","0","",
"2016-09-02 08:47:28","0","",
"2016-09-02 08:57:55","0","",
"2016-09-02 09:08:22","0","",
"2016-09-02 09:18:49","0","",
"2016-09-02 09:29:16","0","",
"2016-09-02 09:39:43","0","",
"2016-09-02 09:50:11","0","",
"2016-09-02 10:00:38","0","",
"2016-09-02 10:11:07","0","",
"2016-09-02 10:21:33","0","",
"2016-09-02 10:28:57","1","",
"2016-09-02 10:29:59","1","",
"2016-09-02 10:31:29","1","",
"2016-09-02 10:32:26","1","",
"2016-09-02 10:34:20","0","",
"2016-09-02 10:40:51","1","",
"2016-09-02 10:41:52","1","",
"2016-09-02 10:43:46","1","",
"2016-09-02 10:45:40","0","",
"2016-09-02 10:45:53","1","",
"2016-09-02 10:47:47","0","",
"2016-09-02 10:50:29","1","",
"2016-09-02 10:51:35","1","",
"2016-09-02 10:52:41","1","",
"2016-09-02 10:54:35","0","",
"2016-09-02 10:56:31","1","",
"2016-09-02 10:57:28","1","",
"2016-09-02 10:58:32","1","",
"2016-09-02 10:59:32","1","",
"2016-09-02 11:00:29","1","",
"2016-09-02 11:01:41","1","",
"2016-09-02 11:02:51","1","",
"2016-09-02 11:03:59","1","",
"2016-09-02 11:05:32","1","",
"2016-09-02 11:06:29","1","",
"2016-09-02 11:07:27","1","",
"2016-09-02 11:08:32","1","",
"2016-09-02 11:09:29","1","",
"2016-09-02 11:11:03","1","",
"2016-09-02 11:12:01","1","",
"2016-09-02 11:12:58","1","",
"2016-09-02 11:13:56","1","",
"2016-09-02 11:15:19","1","",
"2016-09-02 11:17:13","0","",
"2016-09-02 11:17:25","1","",
"2016-09-02 11:18:37","1","",
"2016-09-02 11:20:31","0","",
"2016-09-02 11:20:39","1","",
"2016-09-02 11:21:37","1","",
"2016-09-02 11:23:05","1","",
"2016-09-02 11:24:18","1","",
"2016-09-02 11:26:12","0","",
"2016-09-02 11:26:45","1","",
"2016-09-02 11:28:35","1","",
"2016-09-02 11:29:42","1","",
"2016-09-02 11:31:06","1","",
"2016-09-02 11:33:00","0","",
"2016-09-02 11:34:29","1","",
"2016-09-02 11:35:26","1","",
"2016-09-02 11:36:36","1","",
"2016-09-02 11:38:30","0","",
"2016-09-02 11:43:17","1","",
"2016-09-02 11:44:17","1","",
"2016-09-02 11:45:14","1","",
"2016-09-02 11:46:37","1","",
"2016-09-02 11:47:52","1","",
"2016-09-02 11:48:55","1","",
"2016-09-02 11:49:52","1","",
"2016-09-02 11:50:55","1","",
"2016-09-02 11:51:58","1","",
"2016-09-02 11:53:24","1","",
"2016-09-02 11:54:41","1","",
"2016-09-02 11:56:31","1","",
"2016-09-02 11:57:29","1","",
"2016-09-02 11:58:55","1","",
"2016-09-02 11:59:53","1","",
"2016-09-02 12:01:00","1","",
"2016-09-02 12:01:58","1","",
"2016-09-02 12:02:57","1","",
"2016-09-02 12:03:54","1","",
"2016-09-02 12:05:48","0","",
"2016-09-02 12:16:17","0","",
"2016-09-02 12:26:01","1","",
"2016-09-02 12:27:55","0","",
"2016-09-02 12:28:41","1","",
"2016-09-02 12:30:15","1","",
"2016-09-02 12:32:09","0","",
"2016-09-02 12:33:12","1","",
"2016-09-02 12:34:38","1","",
"2016-09-02 12:36:32","0","",
"2016-09-02 12:36:37","1","",
"2016-09-02 12:38:31","0","",
"2016-09-02 12:38:41","1","",
"2016-09-02 12:40:36","0","",
"2016-09-02 12:44:41","1","",
"2016-09-02 12:46:35","0","",
"2016-09-02 12:47:15","1","",
"2016-09-02 12:48:13","1","",
"2016-09-02 12:49:35","1","",
"2016-09-02 12:50:32","1","",
"2016-09-02 12:52:18","1","",
"2016-09-02 12:54:12","0","",
"2016-09-02 13:04:39","0","",
"2016-09-02 13:15:06","0","",
"2016-09-02 13:25:34","0","",
"2016-09-02 13:36:01","0","",
"2016-09-02 13:46:29","0","",
"2016-09-02 13:56:56","0","",
"2016-09-02 14:07:23","0","",
"2016-09-02 14:17:50","0","",
"2016-09-02 14:28:17","0","",
"2016-09-02 14:38:44","0","",
"2016-09-02 14:49:12","0","",
"2016-09-02 14:59:39","0","",
"2016-09-02 15:10:05","0","",
"2016-09-02 15:20:32","0","",
"2016-09-02 15:31:00","0","",
"2016-09-02 15:41:28","0","",
"2016-09-02 15:51:55","0","",
"2016-09-02 16:02:22","0","",
"2016-09-02 16:12:49","0","",
"2016-09-02 16:23:15","0","",
"2016-09-02 16:33:42","0","",
"2016-09-02 16:44:09","0","",
"2016-09-02 16:54:35","0","",
"2016-09-02 17:05:01","0","",
"2016-09-02 17:15:28","0","",
"2016-09-02 17:25:54","0","",
"2016-09-02 17:29:47","1","",
"2016-09-02 17:30:44","1","",
"2016-09-02 17:31:41","1","",
"2016-09-02 17:32:39","1","",
"2016-09-02 17:34:33","0","",
"2016-09-02 17:36:06","1","",
"2016-09-02 17:37:10","1","",
"2016-09-02 17:38:11","1","",
"2016-09-02 17:39:29","1","",
"2016-09-02 17:41:23","0","",
"2016-09-02 17:41:50","1","",
"2016-09-02 17:42:55","1","",
"2016-09-02 17:44:16","1","",
"2016-09-02 17:45:32","1","",
"2016-09-02 17:47:18","1","",
"2016-09-02 17:48:45","1","",
"2016-09-02 17:50:10","1","",
"2016-09-02 17:51:07","1","",
"2016-09-02 17:53:01","0","",
"2016-09-02 17:55:40","1","",
"2016-09-02 17:56:38","1","",
"2016-09-02 17:58:32","0","",
"2016-09-02 17:58:57","1","",
"2016-09-02 17:59:54","1","",
"2016-09-02 18:01:40","1","",
"2016-09-02 18:02:57","1","",
"2016-09-02 18:04:13","1","",
"2016-09-02 18:06:07","0","",
"2016-09-02 18:06:18","1","",
"2016-09-02 18:07:17","1","",
"2016-09-02 18:08:33","1","",
"2016-09-02 18:10:23","1","",
"2016-09-02 18:11:23","1","",
"2016-09-02 18:12:20","1","",
"2016-09-02 18:13:28","1","",
"2016-09-02 18:14:25","1","",
"2016-09-02 18:15:23","1","",
"2016-09-02 18:16:20","1","",
"2016-09-02 18:17:23","1","",
"2016-09-02 18:18:22","1","",
"2016-09-02 18:19:42","1","",
"2016-09-02 18:21:36","0","",
"2016-09-02 18:32:04","0","",
"2016-09-02 18:42:31","0","",
"2016-09-02 18:52:59","0","",
"2016-09-02 19:03:26","0","",
"2016-09-02 19:13:53","0","",
"2016-09-02 19:24:21","0","",
"2016-09-02 19:34:48","0","",
"2016-09-02 19:45:15","0","",
"2016-09-02 19:55:42","0","",
"2016-09-02 20:06:09","0","",
"2016-09-02 20:16:36","0","",
"2016-09-02 20:27:03","0","",
"2016-09-02 20:37:30","0","",
"2016-09-02 20:47:57","0","",
"2016-09-02 20:58:23","0","",
"2016-09-02 21:08:49","0","",
"2016-09-02 21:19:17","0","",
"2016-09-02 21:29:43","0","",
"2016-09-02 21:40:10","0","",
"2016-09-02 21:50:38","0","",
"2016-09-02 22:01:06","0","",
"2016-09-02 22:11:33","0","",
"2016-09-02 22:22:00","0","",
"2016-09-02 22:32:27","0","",
"2016-09-02 22:42:54","0","",
"2016-09-02 22:53:21","0","",
"2016-09-02 23:03:49","0","",
"2016-09-02 23:14:17","0","",
"2016-09-02 23:24:44","0","",
"2016-09-02 23:35:12","0","",
"2016-09-02 23:45:39","0","",
"2016-09-02 23:56:06","0","",
"2016-09-03 00:06:32","0","",
"2016-09-03 00:16:59","0","",
"2016-09-03 00:27:26","0","",
"2016-09-03 00:37:53","0","",
"2016-09-03 00:48:21","0","",
"2016-09-03 00:58:48","0","",
"2016-09-03 01:09:16","0","",
"2016-09-03 01:19:43","0","",
"2016-09-03 01:30:10","0","",
"2016-09-03 01:40:37","0","",
"2016-09-03 01:51:04","0","",
"2016-09-03 02:01:29","0","",
"2016-09-03 02:11:56","0","",
"2016-09-03 02:22:23","0","",
"2016-09-03 02:32:50","0","",
"2016-09-03 02:43:18","0","",
"2016-09-03 02:53:44","0","",
"2016-09-03 03:04:10","0","",
"2016-09-03 03:14:37","0","",
"2016-09-03 03:25:04","0","",
"2016-09-03 03:35:31","0","",
"2016-09-03 03:45:58","0","",
"2016-09-03 03:56:25","0","",
"2016-09-03 04:06:52","0","",
"2016-09-03 04:17:18","0","",
"2016-09-03 04:27:45","0","",
"2016-09-03 04:38:11","0","",
"2016-09-03 04:48:38","0","",
"2016-09-03 04:59:05","0","",
"2016-09-03 05:09:32","0","",
"2016-09-03 05:19:59","0","",
"2016-09-03 05:30:25","0","",
"2016-09-03 05:40:52","0","",
"2016-09-03 05:51:18","0","",
"2016-09-03 06:01:45","0","",
"2016-09-03 06:12:12","0","",
"2016-09-03 06:22:39","0","",
"2016-09-03 06:33:06","0","",
"2016-09-03 06:43:33","0","",
"2016-09-03 06:54:00","0","",
"2016-09-03 07:04:26","0","",
"2016-09-03 07:14:53","0","",
"2016-09-03 07:25:20","0","",
"2016-09-03 07:35:47","0","",
"2016-09-03 07:46:14","0","",
"2016-09-03 07:56:40","0","",
"2016-09-03 08:07:07","0","",
"2016-09-03 08:17:34","0","",
"2016-09-03 08:28:00","0","",
"2016-09-03 08:38:26","0","",
"2016-09-03 08:48:53","0","",
"2016-09-03 08:59:20","0","",
"2016-09-03 09:09:47","0","",
"2016-09-03 09:20:13","0","",
"2016-09-03 09:30:39","0","",
"2016-09-03 09:41:05","0","",
"2016-09-03 09:51:32","0","",
"2016-09-03 10:01:57","0","",
"2016-09-03 10:12:25","0","",
"2016-09-03 10:22:52","0","",
"2016-09-03 10:33:18","0","",
"2016-09-03 10:43:45","0","",
"2016-09-03 10:54:12","0","",
"2016-09-03 11:04:39","0","",
"2016-09-03 11:15:07","0","",
"2016-09-03 11:25:33","0","",
"2016-09-03 11:35:59","0","",
"2016-09-03 11:46:25","0","",
"2016-09-03 11:56:52","0","",
"2016-09-03 12:07:17","0","",
"2016-09-03 12:17:43","0","",
"2016-09-03 12:28:09","0","",
"2016-09-03 12:38:35","0","",
"2016-09-03 12:49:02","0","",
"2016-09-03 12:59:28","0","",
"2016-09-03 13:09:54","0","",
"2016-09-03 13:17:38","1","",
"2016-09-03 13:18:58","1","",
"2016-09-03 13:20:52","0","",
"2016-09-03 13:21:51","1","",
"2016-09-03 13:22:48","1","",
"2016-09-03 13:23:55","1","",
"2016-09-03 13:25:49","0","",
"2016-09-03 13:36:16","0","",
"2016-09-03 13:46:43","0","",
"2016-09-03 13:57:10","0","",
"2016-09-03 14:02:52","1","",
"2016-09-03 14:04:46","0","",
"2016-09-03 14:06:35","1","",
"2016-09-03 14:07:39","1","",
"2016-09-03 14:08:38","1","",
"2016-09-03 14:09:44","1","",
"2016-09-03 14:11:38","0","",
"2016-09-03 14:22:05","0","",
"2016-09-03 14:32:32","0","",
"2016-09-03 14:42:58","0","",
"2016-09-03 14:53:25","0","",
"2016-09-03 15:03:51","0","",
"2016-09-03 15:05:33","1","",
"2016-09-03 15:07:10","1","",
"2016-09-03 15:08:14","1","",
"2016-09-03 15:09:18","1","",
"2016-09-03 15:10:18","1","",
"2016-09-03 15:11:19","1","",
"2016-09-03 15:12:44","1","",
"2016-09-03 15:14:38","0","",
"2016-09-03 15:15:31","1","",
"2016-09-03 15:17:02","1","",
"2016-09-03 15:18:56","0","",
"2016-09-03 15:23:21","1","",
"2016-09-03 15:25:08","1","",
"2016-09-03 15:27:02","0","",
"2016-09-03 15:29:30","1","",
"2016-09-03 15:30:27","1","",
"2016-09-03 15:32:21","0","",
"2016-09-03 15:34:19","1","",
"2016-09-03 15:36:13","0","",
"2016-09-03 15:38:35","1","",
"2016-09-03 15:40:29","0","",
"2016-09-03 15:41:10","1","",
"2016-09-03 15:43:04","0","",
"2016-09-03 15:53:31","0","",
"2016-09-03 15:59:15","1","",
"2016-09-03 16:01:09","0","",
"2016-09-03 16:11:07","1","",
"2016-09-03 16:12:23","1","",
"2016-09-03 16:13:20","1","",
"2016-09-03 16:15:14","0","",
"2016-09-03 16:15:19","1","",
"2016-09-03 16:17:13","0","",
"2016-09-03 16:21:51","1","",
"2016-09-03 16:23:45","0","",
"2016-09-03 16:24:09","1","",
"2016-09-03 16:26:03","0","",
"2016-09-03 16:27:16","1","",
"2016-09-03 16:28:38","1","",
"2016-09-03 16:30:16","1","",
"2016-09-03 16:31:18","1","",
"2016-09-03 16:32:30","1","",
"2016-09-03 16:34:15","1","",
"2016-09-03 16:36:10","0","",
"2016-09-03 16:40:41","1","",
"2016-09-03 16:42:03","1","",
"2016-09-03 16:43:01","1","",
"2016-09-03 16:43:59","1","",
"2016-09-03 16:45:53","0","",
"2016-09-03 16:46:00","1","",
"2016-09-03 16:47:54","0","",
"2016-09-03 16:51:42","1","",
"2016-09-03 16:52:39","1","",
"2016-09-03 16:54:33","0","",
"2016-09-03 16:55:04","1","",
"2016-09-03 16:56:58","0","",
"2016-09-03 17:07:24","0","",
"2016-09-03 17:17:51","0","",
"2016-09-03 17:28:19","0","",
"2016-09-03 17:38:46","0","",
"2016-09-03 17:49:13","0","",
"2016-09-03 17:59:41","0","",
"2016-09-03 18:10:07","0","",
"2016-09-03 18:15:21","1","",
"2016-09-03 18:17:15","0","",
"2016-09-03 18:27:42","0","",
"2016-09-03 18:38:10","0","",
"2016-09-03 18:39:37","1","",
"2016-09-03 18:40:58","1","",
"2016-09-03 18:42:52","0","",
"2016-09-03 18:52:15","1","",
"2016-09-03 18:54:09","0","",
"2016-09-03 18:54:33","1","",
"2016-09-03 18:56:27","0","",
"2016-09-03 19:06:53","0","",
"2016-09-03 19:17:21","0","",
"2016-09-03 19:27:48","0","",
"2016-09-03 19:38:15","0","",
"2016-09-03 19:48:42","0","",
"2016-09-03 19:57:20","1","",
"2016-09-03 19:58:17","1","",
"2016-09-03 20:00:11","0","",
"2016-09-03 20:03:11","1","",
"2016-09-03 20:04:08","1","",
"2016-09-03 20:05:05","1","",
"2016-09-03 20:06:38","1","",
"2016-09-03 20:08:32","0","",
"2016-09-03 20:11:06","1","",
"2016-09-03 20:13:00","0","",
"2016-09-03 20:23:28","0","",
"2016-09-03 20:33:55","0","",
"2016-09-03 20:44:22","0","",
"2016-09-03 20:51:38","1","",
"2016-09-03 20:52:48","1","",
"2016-09-03 20:54:42","0","",
"2016-09-03 21:05:09","0","",
"2016-09-03 21:07:43","1","",
"2016-09-03 21:09:37","0","",
"2016-09-03 21:20:04","0","",
"2016-09-03 21:30:31","0","",
"2016-09-03 21:38:52","1","",
"2016-09-03 21:39:59","1","",
"2016-09-03 21:40:59","1","",
"2016-09-03 21:42:53","0","",
"2016-09-03 21:43:51","1","",
"2016-09-03 21:45:45","0","",
"2016-09-03 21:49:01","1","",
"2016-09-03 21:49:59","1","",
"2016-09-03 21:51:53","0","",
"2016-09-03 22:02:18","0","",
"2016-09-03 22:12:45","0","",
"2016-09-03 22:23:11","0","",
"2016-09-03 22:33:37","0","",
"2016-09-03 22:44:03","0","",
"2016-09-03 22:54:30","0","",
"2016-09-03 23:04:56","0","",
"2016-09-03 23:15:23","0","",
"2016-09-03 23:25:50","0","",
"2016-09-03 23:36:17","0","",
"2016-09-03 23:46:43","0","",
"2016-09-03 23:57:10","0","",
"2016-09-04 00:07:36","0","",
"2016-09-04 00:18:03","0","",
"2016-09-04 00:28:30","0","",
"2016-09-04 00:38:58","0","",
"2016-09-04 00:49:25","0","",
"2016-09-04 00:59:52","0","",
"2016-09-04 01:10:19","0","",
"2016-09-04 01:20:45","0","",
"2016-09-04 01:31:12","0","",
"2016-09-04 01:41:38","0","",
"2016-09-04 01:52:05","0","",
"2016-09-04 02:02:31","0","",
"2016-09-04 02:12:58","0","",
"2016-09-04 02:23:25","0","",
"2016-09-04 02:33:52","0","",
"2016-09-04 02:44:18","0","",
"2016-09-04 02:54:45","0","",
"2016-09-04 03:05:12","0","",
"2016-09-04 03:15:38","0","",
"2016-09-04 03:26:04","0","",
"2016-09-04 03:36:31","0","",
"2016-09-04 03:46:57","0","",
"2016-09-04 03:57:24","0","",
"2016-09-04 04:07:50","0","",
"2016-09-04 04:18:17","0","",
"2016-09-04 04:28:44","0","",
"2016-09-04 04:39:10","0","",
"2016-09-04 04:49:37","0","",
"2016-09-04 05:00:04","0","",
"2016-09-04 05:10:30","0","",
"2016-09-04 05:20:56","0","",
"2016-09-04 05:31:23","0","",
"2016-09-04 05:41:50","0","",
"2016-09-04 05:52:16","0","",
"2016-09-04 06:02:42","0","",
"2016-09-04 06:13:09","0","",
"2016-09-04 06:23:35","0","",
"2016-09-04 06:34:02","0","",
"2016-09-04 06:44:29","0","",
"2016-09-04 06:54:57","0","",
"2016-09-04 07:05:24","0","",
"2016-09-04 07:15:51","0","",
"2016-09-04 07:26:18","0","",
"2016-09-04 07:36:45","0","",
"2016-09-04 07:47:11","0","",
"2016-09-04 07:57:37","0","",
"2016-09-04 08:08:02","0","",
"2016-09-04 08:18:29","0","",
"2016-09-04 08:28:55","0","",
"2016-09-04 08:39:22","0","",
"2016-09-04 08:49:48","0","",
"2016-09-04 09:00:15","0","",
"2016-09-04 09:10:40","0","",
"2016-09-04 09:21:07","0","",
"2016-09-04 09:22:29","1","",
"2016-09-04 09:24:23","0","",
"2016-09-04 09:34:50","0","",
"2016-09-04 09:45:16","0","",
"2016-09-04 09:55:43","0","",
"2016-09-04 10:00:45","1","",
"2016-09-04 10:02:28","1","",
"2016-09-04 10:04:22","0","",
"2016-09-04 10:14:48","0","",
"2016-09-04 10:16:38","1","",
"2016-09-04 10:18:31","0","",
"2016-09-04 10:18:56","1","",
"2016-09-04 10:19:53","1","",
"2016-09-04 10:20:50","1","",
"2016-09-04 10:22:44","0","",
"2016-09-04 10:22:59","1","",
"2016-09-04 10:24:10","1","",
"2016-09-04 10:26:03","0","",
"2016-09-04 10:26:43","1","",
"2016-09-04 10:27:52","1","",
"2016-09-04 10:29:07","1","",
"2016-09-04 10:31:01","0","",
"2016-09-04 10:32:13","1","",
"2016-09-04 10:34:07","0","",
"2016-09-04 10:44:34","0","",
"2016-09-04 10:55:01","0","",
"2016-09-04 11:05:26","0","",
"2016-09-04 11:15:53","0","",
"2016-09-04 11:26:19","0","",
"2016-09-04 11:26:59","1","",
"2016-09-04 11:28:53","0","",
"2016-09-04 11:39:19","0","",
"2016-09-04 11:49:46","0","",
"2016-09-04 11:54:12","1","",
"2016-09-04 11:55:23","1","",
"2016-09-04 11:57:04","1","",
"2016-09-04 11:58:58","0","",
"2016-09-04 11:59:13","1","",
"2016-09-04 12:00:54","1","",
"2016-09-04 12:01:51","1","",
"2016-09-04 12:03:45","0","",
"2016-09-04 12:14:11","0","",
"2016-09-04 12:24:38","0","",
"2016-09-04 12:35:05","0","",
"2016-09-04 12:45:31","0","",
"2016-09-04 12:55:57","0","",
"2016-09-04 13:05:32","1","",
"2016-09-04 13:07:26","0","",
"2016-09-04 13:07:38","1","",
"2016-09-04 13:08:54","1","",
"2016-09-04 13:10:05","1","",
"2016-09-04 13:11:59","0","",
"2016-09-04 13:22:25","0","",
"2016-09-04 13:32:51","0","",
"2016-09-04 13:43:18","0","",
"2016-09-04 13:53:45","0","",
"2016-09-04 14:04:11","0","",
"2016-09-04 14:14:38","0","",
"2016-09-04 14:17:22","1","",
"2016-09-04 14:18:25","1","",
"2016-09-04 14:20:11","1","",
"2016-09-04 14:21:32","1","",
"2016-09-04 14:23:27","0","",
"2016-09-04 14:23:54","1","",
"2016-09-04 14:25:48","0","",
"2016-09-04 14:36:15","0","",
"2016-09-04 15:07:12","1","",
"2016-09-04 15:08:51","1","",
"2016-09-04 15:09:57","1","",
"2016-09-04 15:11:51","0","",
"2016-09-04 15:22:18","0","",
"2016-09-04 15:32:44","0","",
"2016-09-04 15:43:10","0","",
"2016-09-04 15:53:37","0","",
"2016-09-04 16:04:03","0","",
"2016-09-04 16:14:29","0","",
"2016-09-04 16:19:14","1","",
"2016-09-04 16:20:30","1","",
"2016-09-04 16:21:44","1","",
"2016-09-04 16:25:32","0","",
"2016-09-04 16:35:59","0","",
"2016-09-04 16:46:26","0","",
"2016-09-04 16:53:17","1","",
"2016-09-04 16:54:15","1","",
"2016-09-04 16:55:12","1","",
"2016-09-04 16:56:13","1","",
"2016-09-04 16:58:07","0","",
"2016-09-04 16:58:17","1","",
"2016-09-04 17:00:11","0","",
"2016-09-04 17:03:13","1","",
"2016-09-04 17:05:07","0","",
"2016-09-04 17:14:48","1","",
"2016-09-04 17:16:16","1","",
"2016-09-04 17:17:31","1","",
"2016-09-04 17:19:25","0","",
"2016-09-04 17:21:15","1","",
"2016-09-04 17:22:25","1","",
"2016-09-04 17:24:19","0","",
"2016-09-04 17:27:16","1","",
"2016-09-04 17:29:10","0","",
"2016-09-04 17:39:36","0","",
"2016-09-04 17:50:04","0","",
"2016-09-04 18:00:31","0","",
"2016-09-04 18:10:57","0","",
"2016-09-04 18:20:56","1","",
"2016-09-04 18:22:50","0","",
"2016-09-04 18:30:25","1","",
"2016-09-04 18:31:25","1","",
"2016-09-04 18:33:19","0","",
"2016-09-04 18:43:45","0","",
"2016-09-04 18:52:43","1","",
"2016-09-04 18:54:37","0","",
"2016-09-04 19:05:04","0","",
"2016-09-04 19:15:30","0","",
"2016-09-04 19:25:25","1","",
"2016-09-04 19:27:19","0","",
"2016-09-04 19:37:46","0","",
"2016-09-04 19:48:12","0","",
"2016-09-04 19:58:39","0","",
"2016-09-04 20:00:56","1","",
"2016-09-04 20:01:59","1","",
"2016-09-04 20:03:53","0","",
"2016-09-04 20:10:15","1","",
"2016-09-04 20:11:55","1","",
"2016-09-04 20:13:06","1","",
"2016-09-04 20:14:20","1","",
"2016-09-04 20:16:14","0","",
"2016-09-04 20:16:31","1","",
"2016-09-04 20:17:31","1","",
"2016-09-04 20:18:37","1","",
"2016-09-04 20:20:31","0","",
"2016-09-04 20:22:39","1","",
"2016-09-04 20:24:33","0","",
"2016-09-04 20:25:26","1","",
"2016-09-04 20:27:20","0","",
"2016-09-04 20:37:48","0","",
"2016-09-04 20:48:15","0","",
"2016-09-04 20:58:42","0","",
"2016-09-04 21:09:09","0","",
"2016-09-04 21:19:35","0","",
"2016-09-04 21:30:01","0","",
"2016-09-04 21:40:28","0","",
"2016-09-04 21:50:55","0","",
"2016-09-04 22:01:22","0","",
"2016-09-04 22:11:48","0","",
"2016-09-04 22:22:15","0","",
"2016-09-04 22:32:43","0","",
"2016-09-04 22:43:11","0","",
"2016-09-04 22:53:38","0","",
"2016-09-04 23:04:06","0","",
"2016-09-04 23:14:33","0","",
"2016-09-04 23:25:01","0","",
"2016-09-04 23:35:29","0","",
"2016-09-04 23:45:56","0","",
"2016-09-04 23:56:23","0","",
"2016-09-05 00:06:50","0","",
"2016-09-05 00:17:16","0","",
"2016-09-05 00:27:43","0","",
"2016-09-05 00:38:10","0","",
"2016-09-05 00:48:37","0","",
"2016-09-05 00:59:05","0","",
"2016-09-05 01:09:31","0","",
"2016-09-05 01:19:57","0","",
"2016-09-05 01:30:25","0","",
"2016-09-05 01:40:52","0","",
"2016-09-05 01:51:19","0","",
"2016-09-05 02:01:44","0","",
"2016-09-05 02:12:12","0","",
"2016-09-05 02:22:39","0","",
"2016-09-05 02:33:05","0","",
"2016-09-05 02:43:32","0","",
"2016-09-05 02:53:59","0","",
"2016-09-05 03:04:25","0","",
"2016-09-05 03:14:52","0","",
"2016-09-05 03:25:19","0","",
"2016-09-05 03:35:45","0","",
"2016-09-05 03:46:12","0","",
"2016-09-05 03:56:39","0","",
"2016-09-05 04:07:06","0","",
"2016-09-05 04:17:32","0","",
"2016-09-05 04:27:59","0","",
"2016-09-05 04:38:25","0","",
"2016-09-05 04:48:52","0","",
"2016-09-05 04:59:19","0","",
"2016-09-05 05:09:47","0","",
"2016-09-05 05:20:14","0","",
"2016-09-05 05:30:40","0","",
"2016-09-05 05:41:06","0","",
"2016-09-05 05:51:33","0","",
"2016-09-05 06:02:00","0","",
"2016-09-05 06:12:26","0","",
"2016-09-05 06:22:53","0","",
"2016-09-05 06:33:20","0","",
"2016-09-05 06:43:47","0","",
"2016-09-05 06:54:14","0","",
"2016-09-05 07:04:40","0","",
"2016-09-05 07:15:07","0","",
"2016-09-05 07:25:34","0","",
"2016-09-05 07:36:02","0","",
"2016-09-05 07:46:28","0","",
"2016-09-05 07:56:55","0","",
"2016-09-05 08:07:21","0","",
"2016-09-05 08:17:48","0","",
"2016-09-05 08:28:15","0","",
"2016-09-05 08:38:41","0","",
"2016-09-05 08:49:07","0","",
"2016-09-05 08:59:34","0","",
"2016-09-05 09:10:01","0","",
"2016-09-05 09:20:28","0","",
"2016-09-05 09:30:54","0","",
"2016-09-05 09:41:21","0","",
"2016-09-05 09:51:47","0","",
"2016-09-05 10:02:14","0","",
"2016-09-05 10:12:41","0","",
"2016-09-05 10:23:08","0","",
"2016-09-05 10:33:36","0","",
"2016-09-05 10:44:03","0","",
"2016-09-05 10:54:30","0","",
"2016-09-05 11:04:56","0","",
"2016-09-05 11:15:22","0","",
"2016-09-05 11:25:49","0","",
"2016-09-05 11:36:16","0","",
"2016-09-05 11:46:42","0","",
"2016-09-05 11:57:09","0","",
"2016-09-05 12:07:35","0","",
"2016-09-05 12:18:03","0","",
"2016-09-05 12:28:30","0","",
"2016-09-05 12:38:57","0","",
"2016-09-05 12:49:24","0","",
"2016-09-05 12:59:51","0","",
"2016-09-05 13:10:19","0","",
"2016-09-05 13:20:45","0","",
"2016-09-05 13:31:11","0","",
"2016-09-05 13:41:38","0","",
"2016-09-05 13:52:05","0","",
"2016-09-05 14:02:31","0","",
"2016-09-05 14:12:58","0","",
"2016-09-05 14:23:25","0","",
"2016-09-05 14:33:52","0","",
"2016-09-05 14:44:20","0","",
"2016-09-05 14:54:47","0","",
"2016-09-05 15:05:13","0","",
"2016-09-05 15:15:40","0","",
"2016-09-05 15:26:07","0","",
"2016-09-05 15:36:34","0","",
"2016-09-05 15:47:01","0","",
"2016-09-05 15:57:29","0","",
"2016-09-05 16:07:55","0","",
"2016-09-05 16:18:21","0","",
"2016-09-05 16:28:48","0","",
"2016-09-05 16:39:16","0","",
"2016-09-05 16:49:43","0","",
"2016-09-05 17:00:10","0","",
"2016-09-05 17:10:36","0","",
"2016-09-05 17:21:02","0","",
"2016-09-05 17:31:29","0","",
"2016-09-05 17:41:56","0","",
"2016-09-05 17:52:23","0","",
"2016-09-05 18:02:50","0","",
"2016-09-05 18:13:17","0","",
"2016-09-05 18:23:44","0","",
"2016-09-05 18:34:11","0","",
"2016-09-05 18:44:37","0","",
"2016-09-05 18:55:05","0","",
"2016-09-05 19:05:31","0","",
"2016-09-05 19:15:57","0","",
"2016-09-05 19:26:23","0","",
"2016-09-05 19:36:49","0","",
"2016-09-05 19:47:17","0","",
"2016-09-05 19:57:44","0","",
"2016-09-05 20:08:11","0","",
"2016-09-05 20:18:37","0","",
"2016-09-05 20:29:05","0","",
"2016-09-05 20:39:32","0","",
"2016-09-05 20:50:00","0","",
"2016-09-05 21:00:27","0","",
"2016-09-05 21:10:54","0","",
"2016-09-05 21:21:22","0","",
"2016-09-05 21:31:49","0","",
"2016-09-05 21:42:17","0","",
"2016-09-05 21:52:44","0","",
"2016-09-05 22:03:11","0","",
"2016-09-05 22:13:38","0","",
"2016-09-05 22:24:05","0","",
"2016-09-05 22:34:32","0","",
"2016-09-05 22:44:59","0","",
"2016-09-05 22:55:27","0","",
"2016-09-05 23:05:53","0","",
"2016-09-05 23:16:20","0","",
"2016-09-05 23:26:47","0","",
"2016-09-05 23:37:14","0","",
"2016-09-05 23:47:40","0","",
"2016-09-05 23:58:08","0","",
"2016-09-06 00:08:35","0","",
"2016-09-06 00:19:02","0","",
"2016-09-06 00:29:30","0","",
"2016-09-06 00:39:56","0","",
"2016-09-06 00:50:24","0","",
"2016-09-06 01:00:50","0","",
"2016-09-06 01:11:17","0","",
"2016-09-06 01:21:43","0","",
"2016-09-06 01:32:10","0","",
"2016-09-06 01:42:36","0","",
"2016-09-06 01:53:03","0","",
"2016-09-06 02:03:30","0","",
"2016-09-06 02:13:57","0","",
"2016-09-06 02:24:24","0","",
"2016-09-06 02:34:51","0","",
"2016-09-06 02:45:18","0","",
"2016-09-06 02:55:45","0","",
"2016-09-06 03:06:12","0","",
"2016-09-06 03:16:38","0","",
"2016-09-06 03:27:06","0","",
"2016-09-06 03:37:33","0","",
"2016-09-06 03:48:01","0","",
"2016-09-06 03:58:28","0","",
"2016-09-06 04:08:54","0","",
"2016-09-06 04:19:22","0","",
"2016-09-06 04:29:49","0","",
"2016-09-06 04:40:16","0","",
"2016-09-06 04:50:43","0","",
"2016-09-06 05:01:10","0","",
"2016-09-06 05:11:37","0","",
"2016-09-06 05:22:04","0","",
"2016-09-06 05:32:32","0","",
"2016-09-06 05:42:59","0","",
"2016-09-06 05:53:26","0","",
"2016-09-06 06:03:52","0","",
"2016-09-06 06:14:18","0","",
"2016-09-06 06:24:46","0","",
"2016-09-06 06:35:13","0","",
"2016-09-06 06:45:40","0","",
"2016-09-06 06:56:06","0","",
"2016-09-06 07:06:33","0","",
"2016-09-06 07:17:00","0","",
"2016-09-06 07:27:28","0","",
"2016-09-06 07:37:54","0","",
"2016-09-06 07:48:20","0","",
"2016-09-06 07:58:47","0","",
"2016-09-06 08:09:14","0","",
"2016-09-06 08:19:41","0","",
"2016-09-06 08:30:08","0","",
"2016-09-06 08:40:34","0","",
"2016-09-06 08:51:01","0","",
"2016-09-06 09:01:28","0","",
"2016-09-06 09:11:55","0","",
"2016-09-06 09:22:22","0","",
"2016-09-06 09:32:49","0","",
"2016-09-06 09:43:15","0","",
"2016-09-06 09:53:41","0","",
"2016-09-06 10:04:08","0","",
"2016-09-06 10:14:35","0","",
"2016-09-06 10:25:01","0","",
"2016-09-06 10:35:29","0","",
"2016-09-06 10:45:56","0","",
"2016-09-06 10:56:23","0","",
"2016-09-06 11:06:49","0","",
"2016-09-06 11:17:16","0","",
"2016-09-06 11:27:43","0","",
"2016-09-06 11:38:09","0","",
"2016-09-06 11:48:36","0","",
"2016-09-06 11:59:03","0","",
"2016-09-06 12:09:31","0","",
"2016-09-06 12:19:58","0","",
"2016-09-06 12:30:25","0","",
"2016-09-06 12:40:52","0","",
"2016-09-06 12:51:19","0","",
"2016-09-06 13:01:46","0","",
"2016-09-06 13:12:13","0","",
"2016-09-06 13:22:41","0","",
"2016-09-06 13:33:08","0","",
"2016-09-06 13:43:34","0","",
"2016-09-06 13:54:01","0","",
"2016-09-06 14:04:28","0","",
"2016-09-06 14:14:55","0","",
"2016-09-06 14:25:22","0","",
"2016-09-06 14:35:49","0","",
"2016-09-06 14:46:16","0","",
"2016-09-06 14:56:42","0","",
"2016-09-06 15:07:09","0","",
"2016-09-06 15:17:36","0","",
"2016-09-06 15:28:04","0","",
"2016-09-06 15:38:30","0","",
"2016-09-06 15:48:58","0","",
"2016-09-06 15:59:25","0","",
"2016-09-06 16:09:52","0","",
"2016-09-06 16:20:19","0","",
"2016-09-06 16:30:47","0","",
"2016-09-06 16:41:14","0","",
"2016-09-06 16:51:41","0","",
"2016-09-06 17:02:08","0","",
"2016-09-06 17:12:36","0","",
"2016-09-06 17:23:03","0","",
"2016-09-06 17:33:31","0","",
"2016-09-06 17:43:59","0","",
"2016-09-06 17:54:27","0","",
"2016-09-06 18:04:54","0","",
"2016-09-06 18:15:22","0","",
"2016-09-06 18:25:50","0","",
"2016-09-06 18:36:18","0","",
"2016-09-06 18:46:45","0","",
"2016-09-06 18:57:13","0","",
"2016-09-06 19:07:40","0","",
"2016-09-06 19:18:07","0","",
"2016-09-06 19:28:35","0","",
"2016-09-06 19:39:02","0","",
"2016-09-06 19:49:29","0","",
"2016-09-06 19:59:56","0","",
"2016-09-06 20:10:23","0","",
"2016-09-06 20:20:50","0","",
"2016-09-06 20:31:17","0","",
"2016-09-06 20:41:44","0","",
"2016-09-06 20:52:12","0","",
"2016-09-06 21:02:39","0","",
"2016-09-06 21:13:06","0","",
"2016-09-06 21:23:33","0","",
"2016-09-06 21:34:00","0","",
"2016-09-06 21:44:27","0","",
"2016-09-06 21:54:55","0","",
"2016-09-06 22:05:21","0","",
"2016-09-06 22:15:48","0","",
"2016-09-06 22:26:15","0","",
"2016-09-06 22:36:41","0","",
"2016-09-06 22:47:08","0","",
"2016-09-06 22:57:35","0","",
"2016-09-06 23:08:02","0","",
"2016-09-06 23:18:29","0","",
"2016-09-06 23:28:57","0","",
"2016-09-06 23:39:24","0","",
"2016-09-06 23:49:51","0","",
"2016-09-07 00:00:18","0","",
"2016-09-07 00:10:44","0","",
"2016-09-07 00:21:10","0","",
"2016-09-07 00:31:38","0","",
"2016-09-07 00:42:05","0","",
"2016-09-07 00:52:32","0","",
"2016-09-07 01:02:59","0","",
"2016-09-07 01:13:26","0","",
"2016-09-07 01:23:54","0","",
"2016-09-07 01:34:21","0","",
"2016-09-07 01:44:49","0","",
"2016-09-07 01:55:17","0","",
"2016-09-07 02:05:43","0","",
"2016-09-07 02:16:09","0","",
"2016-09-07 02:26:36","0","",
"2016-09-07 02:37:03","0","",
"2016-09-07 02:47:30","0","",
"2016-09-07 02:57:57","0","",
"2016-09-07 03:08:23","0","",
"2016-09-07 03:18:51","0","",
"2016-09-07 03:29:18","0","",
"2016-09-07 03:39:44","0","",
"2016-09-07 03:50:11","0","",
"2016-09-07 04:00:38","0","",
"2016-09-07 04:11:05","0","",
"2016-09-07 04:21:33","0","",
"2016-09-07 04:32:00","0","",
"2016-09-07 04:42:27","0","",
"2016-09-07 04:52:55","0","",
"2016-09-07 05:03:21","0","",
"2016-09-07 05:13:49","0","",
"2016-09-07 05:24:15","0","",
"2016-09-07 05:34:42","0","",
"2016-09-07 05:45:09","0","",
"2016-09-07 05:55:36","0","",
"2016-09-07 06:06:03","0","",
"2016-09-07 06:16:30","0","",
"2016-09-07 06:26:58","0","",
"2016-09-07 06:37:25","0","",
"2016-09-07 06:47:53","0","",
"2016-09-07 06:58:20","0","",
"2016-09-07 07:08:47","0","",
"2016-09-07 07:19:15","0","",
"2016-09-07 07:29:42","0","",
"2016-09-07 07:40:09","0","",
"2016-09-07 07:50:37","0","",
"2016-09-07 08:01:03","0","",
"2016-09-07 08:11:30","0","",
"2016-09-07 08:21:57","0","",
"2016-09-07 08:32:24","0","",
"2016-09-07 08:42:51","0","",
"2016-09-07 08:53:18","0","",
"2016-09-07 09:03:44","0","",
"2016-09-07 09:14:11","0","",
"2016-09-07 09:24:38","0","",
"2016-09-07 09:35:05","0","",
"2016-09-07 09:45:33","0","",
"2016-09-07 09:56:00","0","",
"2016-09-07 10:06:27","0","",
"2016-09-07 10:16:54","0","",
"2016-09-07 10:27:22","0","",
"2016-09-07 10:37:48","0","",
"2016-09-07 10:48:15","0","",
"2016-09-07 10:58:41","0","",
"2016-09-07 11:09:09","0","",
"2016-09-07 11:13:02","1","",
"2016-09-07 11:14:56","0","",
"2016-09-07 11:25:22","0","",
"2016-09-07 11:35:48","0","",
"2016-09-07 11:46:16","0","",
"2016-09-07 11:56:43","0","",
"2016-09-07 12:07:10","0","",
"2016-09-07 12:17:37","0","",
"2016-09-07 12:28:05","0","",
"2016-09-07 12:38:32","0","",
"2016-09-07 12:48:59","0","",
"2016-09-07 12:59:25","0","",
"2016-09-07 13:09:51","0","",
"2016-09-07 13:20:18","0","",
"2016-09-07 13:30:44","0","",
"2016-09-07 13:41:10","0","",
"2016-09-07 13:51:37","0","",
"2016-09-07 14:02:04","0","",
"2016-09-07 14:12:31","0","",
"2016-09-07 14:22:58","0","",
"2016-09-07 14:33:26","0","",
"2016-09-07 14:43:54","0","",
"2016-09-07 14:54:22","0","",
"2016-09-07 15:04:49","0","",
"2016-09-07 15:15:17","0","",
"2016-09-07 15:25:45","0","",
"2016-09-07 15:36:12","0","",
"2016-09-07 15:46:40","0","",
"2016-09-07 15:57:07","0","",
"2016-09-07 16:07:34","0","",
"2016-09-07 16:18:01","0","",
"2016-09-07 16:28:28","0","",
"2016-09-07 16:38:55","0","",
"2016-09-07 16:49:21","0","",
"2016-09-07 16:59:49","0","",
"2016-09-07 17:10:15","0","",
"2016-09-07 17:20:42","0","",
"2016-09-07 17:31:10","0","",
"2016-09-07 17:41:37","0","",
"2016-09-07 17:52:03","0","",
"2016-09-07 18:02:30","0","",
"2016-09-07 18:12:57","0","",
"2016-09-07 18:23:23","0","",
"2016-09-07 18:33:50","0","",
"2016-09-07 18:44:18","0","",
"2016-09-07 18:54:46","0","",
"2016-09-07 19:05:14","0","",
"2016-09-07 19:15:43","0","",
"2016-09-07 19:26:11","0","",
"2016-09-07 19:36:39","0","",
"2016-09-07 19:47:06","0","",
"2016-09-07 19:57:34","0","",
"2016-09-07 20:08:01","0","",
"2016-09-07 20:18:28","0","",
"2016-09-07 20:28:56","0","",
"2016-09-07 20:39:23","0","",
"2016-09-07 20:49:51","0","",
"2016-09-07 21:00:18","0","",
"2016-09-07 21:10:45","0","",
"2016-09-07 21:21:11","0","",
"2016-09-07 21:31:38","0","",
"2016-09-07 21:42:05","0","",
"2016-09-07 21:52:33","0","",
"2016-09-07 22:03:00","0","",
"2016-09-07 22:13:28","0","",
"2016-09-07 22:23:56","0","",
"2016-09-07 22:34:23","0","",
"2016-09-07 22:44:51","0","",
"2016-09-07 22:55:18","0","",
"2016-09-07 23:05:46","0","",
"2016-09-07 23:16:14","0","",
"2016-09-07 23:26:41","0","",
"2016-09-07 23:37:08","0","",
"2016-09-07 23:47:35","0","",
"2016-09-07 23:58:03","0","",
"2016-09-08 00:08:29","0","",
"2016-09-08 00:18:56","0","",
"2016-09-08 00:29:23","0","",
"2016-09-08 00:39:50","0","",
"2016-09-08 00:50:16","0","",
"2016-09-08 01:00:43","0","",
"2016-09-08 01:11:10","0","",
"2016-09-08 01:21:37","0","",
"2016-09-08 01:32:04","0","",
"2016-09-08 01:42:31","0","",
"2016-09-08 01:52:58","0","",
"2016-09-08 02:03:25","0","",
"2016-09-08 02:13:53","0","",
"2016-09-08 02:24:20","0","",
"2016-09-08 02:34:47","0","",
"2016-09-08 02:45:14","0","",
"2016-09-08 02:55:41","0","",
"2016-09-08 03:06:08","0","",
"2016-09-08 03:16:34","0","",
"2016-09-08 03:27:01","0","",
"2016-09-08 03:37:27","0","",
"2016-09-08 03:47:54","0","",
"2016-09-08 03:58:22","0","",
"2016-09-08 04:08:49","0","",
"2016-09-08 04:19:17","0","",
"2016-09-08 04:29:44","0","",
"2016-09-08 04:40:13","0","",
"2016-09-08 04:50:42","0","",
"2016-09-08 05:01:11","0","",
"2016-09-08 05:11:38","0","",
"2016-09-08 05:22:06","0","",
"2016-09-08 05:32:33","0","",
"2016-09-08 05:43:00","0","",
"2016-09-08 05:53:28","0","",
"2016-09-08 06:03:55","0","",
"2016-09-08 06:14:23","0","",
"2016-09-08 06:24:51","0","",
"2016-09-08 06:35:18","0","",
"2016-09-08 06:45:45","0","",
"2016-09-08 06:56:12","0","",
"2016-09-08 07:06:39","0","",
"2016-09-08 07:17:07","0","",
"2016-09-08 07:27:34","0","",
"2016-09-08 07:38:01","0","",
"2016-09-08 07:48:29","0","",
"2016-09-08 07:58:57","0","",
"2016-09-08 08:09:23","0","",
"2016-09-08 08:19:50","0","",
"2016-09-08 08:30:16","0","",
"2016-09-08 08:40:44","0","",
"2016-09-08 08:51:10","0","",
"2016-09-08 09:01:37","0","",
"2016-09-08 09:12:04","0","",
"2016-09-08 09:22:31","0","",
"2016-09-08 09:33:00","0","",
"2016-09-08 09:43:27","0","",
"2016-09-08 09:53:55","0","",
"2016-09-08 10:04:23","0","",
"2016-09-08 10:14:50","0","",
"2016-09-08 10:25:17","0","",
"2016-09-08 10:35:44","0","",
"2016-09-08 10:46:12","0","",
"2016-09-08 10:56:39","0","",
"2016-09-08 11:07:07","0","",
"2016-09-08 11:17:34","0","",
"2016-09-08 11:28:01","0","",
"2016-09-08 11:38:28","0","",
"2016-09-08 11:48:55","0","",
"2016-09-08 11:59:23","0","",
"2016-09-08 12:09:50","0","",
"2016-09-08 12:20:18","0","",
"2016-09-08 12:30:46","0","",
"2016-09-08 12:41:13","0","",
"2016-09-08 12:51:39","0","",
"2016-09-08 13:02:06","0","",
"2016-09-08 13:12:34","0","",
"2016-09-08 13:23:01","0","",
"2016-09-08 13:33:29","0","",
"2016-09-08 13:43:56","0","",
"2016-09-08 13:54:25","0","",
"2016-09-08 14:04:52","0","",
"2016-09-08 14:15:20","0","",
"2016-09-08 14:25:48","0","",
"2016-09-08 14:36:15","0","",
"2016-09-08 14:46:42","0","",
"2016-09-08 14:57:10","0","",
"2016-09-08 15:07:37","0","",
"2016-09-08 15:18:03","0","",
"2016-09-08 15:28:31","0","",
"2016-09-08 15:38:59","0","",
"2016-09-08 15:49:26","0","",
"2016-09-08 15:59:53","0","",
"2016-09-08 16:10:19","0","",
"2016-09-08 16:20:47","0","",
"2016-09-08 16:31:15","0","",
"2016-09-08 16:41:43","0","",
"2016-09-08 16:52:10","0","",
"2016-09-08 17:02:38","0","",
"2016-09-08 17:03:29","1","",
"2016-09-08 17:04:29","1","",
"2016-09-08 17:06:05","1","",
"2016-09-08 17:07:44","1","",
"2016-09-08 17:09:38","0","",
"2016-09-08 17:11:57","1","",
"2016-09-08 17:13:51","0","",
"2016-09-08 17:14:21","1","",
"2016-09-08 17:15:21","1","",
"2016-09-08 17:17:15","0","",
"2016-09-08 17:27:43","0","",
"2016-09-08 17:38:11","0","",
"2016-09-08 17:48:38","0","",
"2016-09-08 17:59:06","0","",
"2016-09-08 18:09:33","0","",
"2016-09-08 18:20:01","0","",
"2016-09-08 18:30:29","0","",
"2016-09-08 18:40:56","0","",
"2016-09-08 18:51:24","0","",
"2016-09-08 19:01:51","0","",
"2016-09-08 19:12:19","0","",
"2016-09-08 19:22:45","0","",
"2016-09-08 19:33:12","0","",
"2016-09-08 19:43:39","0","",
"2016-09-08 19:54:07","0","",
"2016-09-08 20:04:34","0","",
"2016-09-08 20:15:02","0","",
"2016-09-08 20:25:29","0","",
"2016-09-08 20:35:57","0","",
"2016-09-08 20:46:24","0","",
"2016-09-08 20:56:52","0","",
"2016-09-08 21:07:18","0","",
"2016-09-08 21:17:45","0","",
"2016-09-08 21:28:13","0","",
"2016-09-08 21:38:40","0","",
"2016-09-08 21:49:07","0","",
"2016-09-08 21:59:34","0","",
"2016-09-08 22:10:01","0","",
"2016-09-08 22:20:28","0","",
"2016-09-08 22:30:56","0","",
"2016-09-08 22:41:23","0","",
"2016-09-08 22:51:50","0","",
"2016-09-08 23:02:17","0","",
"2016-09-08 23:12:45","0","",
"2016-09-08 23:23:12","0","",
"2016-09-08 23:33:40","0","",
"2016-09-08 23:44:07","0","",
"2016-09-08 23:54:33","0","",
"2016-09-09 00:04:59","0","",
"2016-09-09 00:15:26","0","",
"2016-09-09 00:25:53","0","",
"2016-09-09 00:36:20","0","",
"2016-09-09 00:46:47","0","",
"2016-09-09 00:57:14","0","",
"2016-09-09 01:07:41","0","",
"2016-09-09 01:18:08","0","",
"2016-09-09 01:28:34","0","",
"2016-09-09 01:39:02","0","",
"2016-09-09 01:49:30","0","",
"2016-09-09 01:59:57","0","",
"2016-09-09 02:10:24","0","",
"2016-09-09 02:20:51","0","",
"2016-09-09 02:31:18","0","",
"2016-09-09 02:41:45","0","",
"2016-09-09 02:52:12","0","",
"2016-09-09 03:02:39","0","",
"2016-09-09 03:13:07","0","",
"2016-09-09 03:23:34","0","",
"2016-09-09 03:34:02","0","",
"2016-09-09 03:44:29","0","",
"2016-09-09 03:54:56","0","",
"2016-09-09 04:05:22","0","",
"2016-09-09 04:15:50","0","",
"2016-09-09 04:26:17","0","",
"2016-09-09 04:36:44","0","",
"2016-09-09 04:47:11","0","",
"2016-09-09 04:57:39","0","",
"2016-09-09 05:08:05","0","",
"2016-09-09 05:18:33","0","",
"2016-09-09 05:29:01","0","",
"2016-09-09 05:39:27","0","",
"2016-09-09 05:49:54","0","",
"2016-09-09 06:00:23","0","",
"2016-09-09 06:10:50","0","",
"2016-09-09 06:21:18","0","",
"2016-09-09 06:31:45","0","",
"2016-09-09 06:42:13","0","",
"2016-09-09 06:52:39","0","",
"2016-09-09 07:03:05","0","",
"2016-09-09 07:13:32","0","",
"2016-09-09 07:23:59","0","",
"2016-09-09 07:34:26","0","",
"2016-09-09 07:44:53","0","",
"2016-09-09 07:55:21","0","",
"2016-09-09 08:05:48","0","",
"2016-09-09 08:16:16","0","",
"2016-09-09 08:26:43","0","",
"2016-09-09 08:37:11","0","",
"2016-09-09 08:47:39","0","",
"2016-09-09 08:58:06","0","",
"2016-09-09 09:08:33","0","",
"2016-09-09 09:19:00","0","",
"2016-09-09 09:29:28","0","",
"2016-09-09 09:39:56","0","",
"2016-09-09 09:50:23","0","",
"2016-09-09 10:00:51","0","",
"2016-09-09 10:11:19","0","",
"2016-09-09 10:21:47","0","",
"2016-09-09 10:32:16","0","",
"2016-09-09 10:42:42","0","",
"2016-09-09 10:53:10","0","",
"2016-09-09 11:03:36","0","",
"2016-09-09 11:14:04","0","",
"2016-09-09 11:24:30","0","",
"2016-09-09 11:34:58","0","",
"2016-09-09 11:45:25","0","",
"2016-09-09 11:55:52","0","",
"2016-09-09 12:06:20","0","",
"2016-09-09 12:16:47","0","",
"2016-09-09 12:27:15","0","",
"2016-09-09 12:37:43","0","",
"2016-09-09 12:48:11","0","",
"2016-09-09 12:58:38","0","",
"2016-09-09 13:09:05","0","",
"2016-09-09 13:19:34","0","",
"2016-09-09 13:30:02","0","",
"2016-09-09 13:40:30","0","",
"2016-09-09 13:50:58","0","",
"2016-09-09 14:01:25","0","",
"2016-09-09 14:11:52","0","",
"2016-09-09 14:22:19","0","",
"2016-09-09 14:32:46","0","",
"2016-09-09 14:43:12","0","",
"2016-09-09 14:53:40","0","",
"2016-09-09 15:04:06","0","",
"2016-09-09 15:14:34","0","",
"2016-09-09 15:25:02","0","",
"2016-09-09 15:35:30","0","",
"2016-09-09 15:45:58","0","",
"2016-09-09 15:56:26","0","",
"2016-09-09 16:06:53","0","",
"2016-09-09 16:17:19","0","",
"2016-09-09 16:27:47","0","",
"2016-09-09 16:38:15","0","",
"2016-09-09 16:59:11","0","",
"2016-09-09 17:09:38","0","",
"2016-09-09 17:20:06","0","",
"2016-09-09 17:30:33","0","",
"2016-09-09 17:41:00","0","",
"2016-09-09 17:51:27","0","",
"2016-09-09 18:01:54","0","",
"2016-09-09 18:12:22","0","",
"2016-09-09 18:22:50","0","",
"2016-09-09 18:33:16","0","",
"2016-09-09 18:43:44","0","",
"2016-09-09 18:54:12","0","",
"2016-09-09 19:04:39","0","",
"2016-09-09 19:15:07","0","",
"2016-09-09 19:25:35","0","",
"2016-09-09 19:36:03","0","",
"2016-09-09 19:46:30","0","",
"2016-09-09 19:56:57","0","",
"2016-09-09 20:07:24","0","",
"2016-09-09 20:17:52","0","",
"2016-09-09 20:28:19","0","",
"2016-09-09 20:38:46","0","",
"2016-09-09 20:49:13","0","",
"2016-09-09 20:59:39","0","",
"2016-09-09 21:10:06","0","",
"2016-09-09 21:20:33","0","",
"2016-09-09 21:31:00","0","",
"2016-09-09 21:41:28","0","",
"2016-09-09 21:51:55","0","",
"2016-09-09 22:02:21","0","",
"2016-09-09 22:12:48","0","",
"2016-09-09 22:23:15","0","",
"2016-09-09 22:33:42","0","",
"2016-09-09 22:44:10","0","",
"2016-09-09 22:54:38","0","",
"2016-09-09 23:05:05","0","",
"2016-09-09 23:15:33","0","",
"2016-09-09 23:26:00","0","",
"2016-09-09 23:36:28","0","",
"2016-09-09 23:46:55","0","",
"2016-09-09 23:57:23","0","",
"2016-09-10 00:07:50","0","",
"2016-09-10 00:18:18","0","",
"2016-09-10 00:28:45","0","",
"2016-09-10 00:39:12","0","",
"2016-09-10 00:49:39","0","",
"2016-09-10 01:00:06","0","",
"2016-09-10 01:10:32","0","",
"2016-09-10 01:20:59","0","",
"2016-09-10 01:31:26","0","",
"2016-09-10 01:41:53","0","",
"2016-09-10 01:52:20","0","",
"2016-09-10 02:02:47","0","",
"2016-09-10 02:13:14","0","",
"2016-09-10 02:23:42","0","",
"2016-09-10 02:34:09","0","",
"2016-09-10 02:44:37","0","",
"2016-09-10 02:55:04","0","",
"2016-09-10 03:05:32","0","",
"2016-09-10 03:15:59","0","",
"2016-09-10 03:26:26","0","",
"2016-09-10 03:36:54","0","",
"2016-09-10 03:47:21","0","",
"2016-09-10 03:57:49","0","",
"2016-09-10 04:08:15","0","",
"2016-09-10 04:18:42","0","",
"2016-09-10 04:29:10","0","",
"2016-09-10 04:39:37","0","",
"2016-09-10 04:50:04","0","",
"2016-09-10 05:00:31","0","",
"2016-09-10 05:10:57","0","",
"2016-09-10 05:21:24","0","",
"2016-09-10 05:31:52","0","",
"2016-09-10 05:42:20","0","",
"2016-09-10 05:52:48","0","",
"2016-09-10 06:03:15","0","",
"2016-09-10 06:13:43","0","",
"2016-09-10 06:24:10","0","",
"2016-09-10 06:34:37","0","",
"2016-09-10 06:45:04","0","",
"2016-09-10 06:55:32","0","",
"2016-09-10 07:05:59","0","",
"2016-09-10 07:16:26","0","",
"2016-09-10 07:26:54","0","",
"2016-09-10 07:37:23","0","",
"2016-09-10 07:47:50","0","",
"2016-09-10 07:58:17","0","",
"2016-09-10 08:08:45","0","",
"2016-09-10 08:19:13","0","",
"2016-09-10 08:29:40","0","",
"2016-09-10 08:40:08","0","",
"2016-09-10 08:50:35","0","",
"2016-09-10 09:01:03","0","",
"2016-09-10 09:11:30","0","",
"2016-09-10 09:21:58","0","",
"2016-09-10 09:32:26","0","",
"2016-09-10 09:42:54","0","",
"2016-09-10 09:53:22","0","",
"2016-09-10 10:03:48","0","",
"2016-09-10 10:14:16","0","",
"2016-09-10 10:24:45","0","",
"2016-09-10 10:35:13","0","",
"2016-09-10 10:45:40","0","",
"2016-09-10 10:56:08","0","",
"2016-09-10 11:06:36","0","",
"2016-09-10 11:17:04","0","",
"2016-09-10 11:27:31","0","",
"2016-09-10 11:37:59","0","",
"2016-09-10 11:48:26","0","",
"2016-09-10 11:58:53","0","",
"2016-09-10 12:09:20","0","",
"2016-09-10 12:19:47","0","",
"2016-09-10 12:30:14","0","",
"2016-09-10 12:40:42","0","",
"2016-09-10 12:51:10","0","",
"2016-09-10 13:01:37","0","",
"2016-09-10 13:12:05","0","",
"2016-09-10 13:22:33","0","",
"2016-09-10 13:33:00","0","",
"2016-09-10 13:43:27","0","",
"2016-09-10 13:53:55","0","",
"2016-09-10 14:04:23","0","",
"2016-09-10 14:14:51","0","",
"2016-09-10 14:25:19","0","",
"2016-09-10 14:35:46","0","",
"2016-09-10 14:46:14","0","",
"2016-09-10 14:56:42","0","",
"2016-09-10 15:04:26","1","",
"2016-09-10 15:06:20","0","",
"2016-09-10 15:06:53","1","",
"2016-09-10 15:08:47","0","",
"2016-09-10 15:09:48","1","",
"2016-09-10 15:10:49","1","",
"2016-09-10 15:11:48","1","",
"2016-09-10 15:12:48","1","",
"2016-09-10 15:14:43","0","",
"2016-09-10 15:22:17","1","",
"2016-09-10 15:23:54","1","",
"2016-09-10 15:25:26","1","",
"2016-09-10 15:27:20","0","",
"2016-09-10 15:37:49","0","",
"2016-09-10 15:48:18","0","",
"2016-09-10 15:58:46","0","",
"2016-09-10 16:09:11","1","",
"2016-09-10 16:11:05","0","",
"2016-09-10 16:14:39","1","",
"2016-09-10 16:15:45","1","",
"2016-09-10 16:17:39","0","",
"2016-09-10 16:28:07","0","",
"2016-09-10 16:38:35","0","",
"2016-09-10 16:49:04","0","",
"2016-09-10 16:59:32","0","",
"2016-09-10 17:09:59","0","",
"2016-09-10 17:20:27","0","",
"2016-09-10 17:30:55","0","",
"2016-09-10 17:32:52","1","",
"2016-09-10 17:34:39","1","",
"2016-09-10 17:36:33","0","",
"2016-09-10 17:38:47","1","",
"2016-09-10 17:40:41","0","",
"2016-09-10 17:40:53","1","",
"2016-09-10 17:41:50","1","",
"2016-09-10 17:43:12","1","",
"2016-09-10 17:45:06","0","",
"2016-09-10 17:53:46","1","",
"2016-09-10 17:55:40","0","",
"2016-09-10 18:06:07","0","",
"2016-09-10 18:16:35","0","",
"2016-09-10 18:27:03","0","",
"2016-09-10 18:37:30","0","",
"2016-09-10 18:47:58","0","",
"2016-09-10 18:58:26","0","",
"2016-09-10 19:08:50","1","",
"2016-09-10 19:10:03","1","",
"2016-09-10 19:11:08","1","",
"2016-09-10 19:13:02","0","",
"2016-09-10 19:23:31","0","",
"2016-09-10 19:33:59","0","",
"2016-09-10 19:37:47","1","",
"2016-09-10 19:38:49","1","",
"2016-09-10 19:39:57","1","",
"2016-09-10 19:40:57","1","",
"2016-09-10 19:41:56","1","",
"2016-09-10 19:43:51","0","",
"2016-09-10 19:54:19","0","",
"2016-09-10 20:04:46","0","",
"2016-09-10 20:15:15","0","",
"2016-09-10 20:25:44","0","",
"2016-09-10 20:36:12","0","",
"2016-09-10 20:46:41","0","",
"2016-09-10 20:57:10","0","",
"2016-09-10 21:07:39","0","",
"2016-09-10 21:18:08","0","",
"2016-09-10 21:28:37","0","",
"2016-09-10 21:29:01","1","",
"2016-09-10 21:30:06","1","",
"2016-09-10 21:32:01","0","",
"2016-09-10 21:37:06","1","",
"2016-09-10 21:39:00","0","",
"2016-09-10 21:39:21","1","",
"2016-09-10 21:41:15","0","",
"2016-09-10 21:51:44","0","",
"2016-09-10 22:02:12","0","",
"2016-09-10 22:12:41","0","",
"2016-09-10 22:23:10","0","",
"2016-09-10 22:33:38","0","",
"2016-09-10 22:44:05","0","",
"2016-09-10 22:54:34","0","",
"2016-09-10 23:05:02","0","",
"2016-09-10 23:15:30","0","",
"2016-09-10 23:25:58","0","",
"2016-09-10 23:36:26","0","",
"2016-09-10 23:46:55","0","",
"2016-09-10 23:57:23","0","",
